"x","y"
1.04435061352172,1.4366945840647
1.63448126476775,1.53354346481736
2.33428593225443,0.636034706000239
0.876535735510754,2.28334448536734
1.05311503970235,1.6346751706682
1.50743940060763,0.8612975965592
1.69836584544713,0.689935631013767
0.94935412115333,1.64703994775753
2.92097848590292,0.833878727611509
1.49352104866928,1.45781259681791
1.53303857718769,1.22002847043948
2.17344539608997,0.831557980872553
1.25861518091007,1.23852405645991
1.0466083337591,1.57129265994412
2.85332330519838,0.555777210423144
0.568043842337349,3.56191108117702
1.78228859877471,0.94119642321346
0.929399648404611,1.98899681983166
2.2843318921863,0.881210673902119
1.58092075314578,1.30487346281213
3.09854694224446,0.453529684905087
1.02937888431153,2.37838486937387
2.40661734701451,0.719370591740113
2.92918768214206,0.745022594449054
1.20095420540593,1.5018428024187
0.773291220423902,4.10276407647574
1.23784150122729,0.856641316260554
1.38451594399014,1.39060563985314
2.04229974770137,0.833361215668607
1.77278423002304,1.67825625267082
1.75126683414427,1.21518214591212
1.6342899526755,1.18053971100645
2.31642188600017,1.2265169803963
1.23896773883439,1.71379305471118
1.21555518585232,2.13661848180231
0.963593594352075,1.66011082539165
0.353358247319775,2.62971169025091
1.20398315799537,1.84671907192488
1.31598812101518,1.87060240125885
1.60862962012482,1.31598138970795
0.981625915880396,1.42136530176559
0.437556257152456,2.73798746894042
0.76946485458565,1.7011181521242
2.91120291836988,0.735068368994088
1.45155665308625,0.909713434216496
2.9215620969865,0.455571643632282
1.01953379000481,1.53673901563359
1.15326554776484,1.45435736261359
1.52819642068532,0.73890185364077
0.95623812333544,1.79324212623799
0.831807476476588,2.05405321185297
3.10131080740453,0.802371939991608
0.820551280448734,1.62081610271151
1.88007592916404,1.26878956926159
0.586264116654567,1.51522069170914
0.549501044676979,2.76551813699892
1.08555324222094,1.86445718256109
1.70533710192227,1.02917531907225
2.11454560065796,0.740658295960386
2.44273597893251,0.525054716612909
0.418466629753929,2.81929709905625
3.03891963081857,0.622021602360683
1.29929251920376,1.55744667174268
1.24772539635121,1.14543651669164
1.46868353485798,1.25105148247163
1.20553349321945,2.16103855684776
0.813068363868934,2.88886652343045
1.19214082496574,1.86641629242627
1.36226858100852,1.23342586369472
1.12550367849272,1.96500469820539
1.14898341874684,1.72600874367723
1.53468967875583,1.24068715197943
1.50771477910812,1.57588844348918
1.7336589793297,0.669212111980348
1.06446127197533,1.2133961461469
1.00148268648333,1.7396944554144
2.48781963607886,0.892892412270771
1.78922992037829,1.21240265911735
2.34142522047531,1.1571560352868
0.65178656838442,2.57321481578012
2.23872606990726,0.866659487051734
1.19253919374026,2.63163203934229
1.3965175916916,2.0952475313756
1.0354964827345,2.47502827703463
0.65096423808305,3.30003500769549
2.53000240376958,0.864700862702248
0.840375114512539,1.55239635249821
0.848527384037518,1.49939838560056
0.895490000570632,1.38702761594507
1.58108781674129,1.14352986747289
2.51308071119015,1.27397275231419
2.52891170594558,0.884202865438965
0.640260754014886,2.11780699153442
0.705433592638129,2.23464263820621
1.01934277482917,2.16375837194403
0.607110468051612,1.93211664442931
2.75915747082125,0.768285111575936
1.06376342879311,1.20891522538276
0.888250497641088,1.66065972627929
1.20868415954386,1.48735478041055
2.10469002276889,0.986465023103008
1.15773864245729,1.48347478294373
0.838640838994065,1.08945004017425
1.01013681421509,2.21909279742412
0.806015324333115,1.89491195443671
3.31575164657894,0.785019587106137
2.10343742020826,0.90157142307504
2.92932075479322,0.892196276581986
1.18089032196437,1.73934458634806
1.46463753203315,1.59857268715187
0.678732817553666,2.11932265991582
0.988706940080252,1.43718616277701
1.53587028771503,0.887693868888312
2.11371740619563,0.901580523161982
1.28681188666576,1.08793351679545
1.53077434923349,1.14585239028959
2.39869083614041,0.75303262538651
2.080426968722,0.927234393571207
1.31120914659568,1.08561734256434
0.926819402897097,1.58856610009632
2.02209967048592,0.637656776924388
1.76356458367996,1.42405537321474
2.9968645369467,0.776358800370676
1.02345582912646,1.70784378772339
0.731335393317223,2.00806581911158
1.46022156733892,1.62427367805951
1.10686349431733,1.95613993706144
1.35462401655356,0.952692466506301
0.898454521336854,3.02025490412315
1.0846029087669,2.9971835583411
1.9851772316978,1.29023974035474
1.3827623333083,1.26502482952419
1.85457380109363,0.648430686032343
0.640470325816162,2.95453048318422
2.26471541119864,0.881848548093676
1.9667406654985,0.866586310675211
1.92367841440836,1.48105913164077
1.74789905490352,1.11982614060528
3.17521359823098,0.207251243098458
0.843535664578371,2.23311591122821
0.845728533372029,1.79675912388533
1.656809069848,0.614767553285664
1.15744798387243,1.67823064465037
1.4024839581811,1.00042590304443
2.05857476380871,0.805300034745592
0.054489692982119,1.57049186761428
1.88870559395446,0.987195357914788
1.84440124027236,0.93285913902551
1.24476749359134,1.72612427828472
0.781609781545411,2.10077472248672
1.56262192415766,1.24382131600616
1.12857037699938,1.00951388494436
1.9293941150685,0.899447500027459
0.832073384898607,1.49854774738245
2.09531203486626,0.917946418026185
0.67039342427954,2.53729866855391
2.16270819088912,0.765059698819394
1.46456363547237,0.795412635520837
1.16945610139952,1.25547707171498
1.83963600778429,0.773375706345182
1.88905908395541,1.18848707308998
1.26834506462066,1.77864523604861
1.49009784667228,1.54709753762295
1.22110210180144,1.22669952215358
0.725512060262241,2.34081280162078
1.19542685285168,1.6818633123735
3.12065107003135,0.757927117555309
0.713405482363472,2.9899048326113
0.691263289908115,2.02722963386402
1.86079204675825,0.943656030849326
2.07607363524717,1.08047950921701
2.19284204764485,1.14507806891403
1.30171396113597,1.06671072135081
1.45830319612737,0.96193697264992
0.787647466966516,1.97095442031669
1.24042398589935,1.72740080305913
1.00227350410502,1.34589244330435
1.12270886416592,2.02588270472716
1.89270928589986,0.704324915989664
0.528567452192182,2.51774808989322
0.417851510618802,2.03910611596683
0.87990346054657,1.97770583107154
1.34748865680013,1.32943298581563
0.964561852312004,2.58956056881181
1.83766471794831,1.02072316249657
1.86472449115398,0.965430330042022
1.29447145316469,1.73444321599198
1.65120211562806,1.18955625261647
1.3401072203977,1.59458280824534
1.77555016698419,1.24926852165351
1.04468887751471,2.09678382930059
1.36907755908794,1.01147342383345
0.682600887377663,2.19982739143111
0.904486259964323,1.31709848285322
2.06160814238483,1.21863483335685
1.64977907999794,0.995177168524967
1.25009445083017,1.90678056091078
0.783335168545097,2.01775499700005
1.0872074603107,1.4857185412204
1.13217549756285,1.67132319785251
1.57651334911299,1.0703702907918
0.61359545327802,1.91466266134219
4.47307339772752,0.55327931595347
1.65554493315742,1.02887668356602
0.86960034296209,1.60905631194129
1.16986169692139,1.16340631309914
1.73452002580221,1.40336829586677
0.99059459541598,1.78868716137094
1.43927602785431,1.39084469828972
1.5146683563133,1.16788318781617
1.87844269414062,1.02111276606878
1.08337028688472,1.68058927029995
2.73209251641471,0.665097638199877
0.939479688277055,2.49729677732512
1.38113363201129,1.31778258554726
1.40714192983025,0.981463301758836
2.12125635489213,0.619935678258421
0.599447201317815,2.50363060560865
0.658006286516375,1.88827739241707
2.50890030794613,0.613292077770593
1.74912545956456,1.47061671898949
1.42795994286451,0.915670831375865
1.16000229136096,1.86742966453979
2.76629588100135,0.765843397799178
1.56574755451176,1.32171082090388
1.57433528545187,1.20545158931695
1.37808162832448,1.09776149929868
1.81792506420305,0.919182743138885
1.2474981301755,1.62693415736726
3.45947767581764,0.550337075325899
2.56248775692459,1.09670669757988
0.348447978771488,2.92090766478255
0.955426175309415,1.49214056930784
1.05793913258388,1.07998538023563
0.765462103870746,2.64951995856205
0.895799001969928,2.17749842308889
0.96500417551341,1.6561934090088
1.89005869846304,1.51148939204314
1.53553680000079,1.04096428900747
0.680729933051481,2.0617363120349
1.26190756784981,0.455887868178069
4.34802829482891,0.542857043161366
2.32387211035419,0.596658741676701
1.85558816488922,0.645335447932067
1.67870603600237,1.08649831049815
0.974581844470625,1.61972028103655
0.835810284673232,1.47848945118711
1.68256326512356,1.13374727791387
1.46562860148762,1.19016541869193
0.819705057724528,1.07178104903869
1.38354709929129,1.44770120355334
0.857074146565499,1.62364889146871
0.867405575317705,1.55562390563827
1.60267348247809,1.53321019194595
1.94723541106974,0.658784418914183
1.41246452741195,0.65185989270408
0.73633018727575,1.42552084310061
0.994445879459775,1.16931206994768
2.04118369870244,0.789366675239957
0.950302863248612,1.39381706169472
2.35779696584135,1.15109051723181
1.47888227857967,1.60266973145071
1.02305431382207,1.8434072126563
1.01946341192354,2.77459681636971
1.23905793669921,1.9737324746723
0.517962686065145,2.60106149629897
3.05144472789047,0.629020354217689
1.62770202644125,1.0854694661267
1.55025242891867,1.22317463964829
1.42816491819502,1.55993095815378
0.522057815102712,4.2618225236227
1.31006291346428,1.25226213560076
1.29291920532251,1.38160020677045
0.781120924381675,2.34018343070417
1.91663454451984,0.890318622727516
2.65701090965116,0.579407098715565
1.33293137872239,1.45717659583345
2.11073418098584,1.15728252262809
1.23678727797539,1.47216121228483
1.2846233243829,1.23229821636381
3.18552228496363,0.595349751534205
1.71006014453705,1.21672266653918
2.69325164683956,0.587766358489489
0.883754227039065,1.53710618131854
2.44118558661822,0.633175423483622
2.70521420229725,0.95845888074272
1.87391718887213,1.26372154362642
1.16806776964367,1.81640718319936
2.06232937101249,1.12180544872502
1.42020224640155,1.46289297650433
0.981126144108327,1.97676910074396
2.38702407526876,1.5417677345334
1.82102626206349,1.51934526208804
1.22416552495994,1.68467013115366
2.23195661852772,0.407418303974822
0.894097025675208,1.7033839007699
1.99416993239365,1.21766258936656
0.466060615682785,3.31603295011867
0.730519309837725,2.26534831717943
0.939911298164241,1.35645615525805
0.757375866155148,1.22380580809714
1.26035007091117,1.18208741012987
2.08250419870598,1.24799852114907
0.720618354904734,3.18355695290481
1.41546666191416,1.44881686131557
2.07108837674288,0.885803899987629
1.17786604239407,1.43137037121534
1.79855703807741,0.71054209700852
2.40131218709086,0.709535278454666
1.13724160982788,1.77097121115702
1.30952111134237,0.934417263104319
1.46122506578444,1.93101990150532
0.950783941729698,1.55457170616082
0.574836789191337,3.15289676218638
1.08550464289898,1.45021601030296
1.64888351462027,1.22038673647633
2.04144275235709,1.01178585097191
1.73852900605146,1.32174566451263
1.5153572524058,0.957283848332952
1.05451994830973,1.39188020801421
1.09645116303435,1.64642436460518
2.16029472074724,0.793738848261903
2.02490394101424,0.725462654170164
1.63812177016943,1.93157785215972
1.5454197871138,0.797449099564705
1.7687100867743,1.23398152408494
1.88053496261972,0.957452260318519
3.0053989607808,0.806483117526441
2.20979253478045,0.849316024725688
1.04382742740278,1.77355014606602
2.06366051868365,0.904564436437586
1.27364318204301,1.47807447807366
1.49595690757444,1.50447844576723
1.74315039779444,1.07681107272421
1.75400601927872,0.556828962414869
1.36090461133288,1.39582232072602
1.41434481272621,0.978461139799347
1.31257513696803,1.38122781371005
2.43019946183819,0.991786925081111
1.24777120939795,0.770087931380033
1.46598996396483,1.26635035231939
1.53649920875817,0.678999554762907
0.47636171092399,2.00859837041176
1.33206933630109,0.862095790252396
2.01627178590458,0.598738013533524
1.04268685940521,1.15247160707626
1.06596307817394,1.42659698525151
1.49451929846662,1.07220108419449
2.12588659620163,1.06334064819065
1.3642719295872,1.02552858556128
2.33659531574035,0.779207109300681
1.59470090071454,0.709150307855175
1.90911903068551,1.88160889077397
2.10579291658118,0.465458055360228
3.55760195553317,0.558419972682653
2.22468878713643,1.07856270458677
0.353786168646652,1.98937542278762
1.51471243825215,1.17442796454899
1.6929244606369,0.717706823895049
1.39290599418204,1.36871434378976
2.24781091126757,0.611965726128969
2.40022674760225,1.12124211164059
1.46149626984375,1.04408124130643
1.13931327044357,1.7137886610809
0.686209396909246,2.88097396003077
0.286332383493501,2.14694394389743
0.985286698534598,1.45337493259358
1.9859307751376,0.863421630127976
1.18786797478637,1.60738694285656
1.44269577522588,1.31458152395474
1.10651474539019,1.44953407225711
3.79941295475483,0.550321895078905
0.866528094731621,2.05272011363622
2.21901638796365,0.620079988605221
1.10235214667697,1.54214824463678
0.863244787872165,1.89193590026635
1.37137396252921,1.7748785568836
3.87940390636345,0.576989789593275
1.40674280146028,1.40894631967092
1.64480040688163,0.698866091388507
1.42114449759164,1.30184168759368
0.763605483567514,1.70199729166754
1.29515543686884,1.23876139889683
0.528954260166587,1.63212221555233
1.97787880169707,1.03103569373998
0.396078277696268,1.93935950324762
0.983764170307793,1.14449354512614
1.27322009757053,1.00760650715477
2.42498795024855,0.891433370439575
1.89304252638061,1.12867412469242
1.19219353284559,1.27916737114324
2.41279174460801,0.619320822848196
2.287698365825,1.17126805680792
2.17499378971658,0.622865771414664
1.2416376377854,1.51657400112394
1.76425711532065,1.03110782388492
1.11631484895524,1.78952634619777
2.34582992011088,0.941279264366585
1.54564545492258,1.2789000913568
1.63532012732941,0.573898579994202
1.48396437201327,1.10538469993209
0.794676682975231,4.2595351082115
0.855766119509995,2.21521208282265
0.704209549926483,1.75012617922606
1.91108430480157,0.647599319791138
0.820622949313845,1.43838466328598
1.44270389125566,1.43274603897686
0.42302256552566,3.91795138639755
2.04455704601382,0.970729585368348
1.28477550674021,1.4352478366098
1.29229216280774,1.49108268802154
1.10461280765007,2.03805268135105
1.25595622946324,1.50156253132733
0.979488932848112,2.32326455733183
1.23827468750376,1.54217713048433
0.895848647657375,2.40538559536847
1.99392618415025,0.977248468051357
1.50094537084492,1.94732866524118
2.66118262954173,0.572307154176055
2.05081061755452,1.41646250974533
1.35963412426591,0.939591226950828
0.925149275801632,2.19980214893027
2.17808494644955,1.00688094353139
1.74044187228685,0.812749989367404
2.06540211110708,0.623897480436445
2.02343795523256,1.33055965856314
1.49719421822089,0.9560023809814
1.91374024355155,0.925162961101507
0.821425788123332,2.2513997310537
1.29130768955403,1.34604029411212
0.86363896279663,2.36907157541903
1.14466706373156,1.9768567893871
1.09664410738297,2.30072005190275
2.21849722160011,0.918111283459065
1.628850965352,1.1013871002055
1.06056157140155,1.65853984421531
0.996990442011807,1.62349318797623
1.17391726614091,1.12624802322514
1.67355012720396,1.18334208791617
1.15716519748792,1.90594079841014
0.753509321309552,3.32881530298476
1.24802069752267,1.46058616347354
0.739736373068024,2.57896634041137
1.15960053056817,1.14432981598903
1.309347998045,1.16000948242175
1.46934518058426,1.3918219534963
1.06655265230787,1.61371354742634
1.91258143753024,0.855542959694398
0.722156193416356,2.76965566197994
1.59269796627253,0.903968974771518
1.09835071606496,2.21707451602364
1.34354331433988,1.12890570276518
1.43224079822947,1.80243838937873
0.830252341938207,1.45864042460044
2.58538983206866,0.696119731230606
0.966833354595517,1.83025871999604
1.18096981979747,1.68620383683255
3.0936593774287,0.644243429387206
1.4401920541804,0.677367921997316
1.37427096871661,1.28400544565113
1.06544879904759,1.18859997050891
1.70276155060394,1.39579796444678
1.06650264618701,1.66418239986413
0.976586471576439,1.85439342548496
1.86300277390603,1.2825291108902
1.39251308908588,1.00303814925332
1.64402718876865,1.20432604845582
1.27567203234009,1.36529067141423
2.25285584730345,0.54871407666036
0.876544745197483,1.88059589328132
2.46795801498528,0.744033980621284
2.11533522664618,0.772052656687361
1.88136560452511,1.28908120294969
0.666718121803316,2.19471725392382
1.2503053186726,0.916969214721713
1.53722664638803,1.80045705333364
0.93656881918434,1.33682066102986
1.22309603361799,1.39366966218787
0.448929945038416,3.83025677439414
1.04762942815837,1.15085708196916
0.584108370955982,2.11856472914759
1.51172549897905,1.17014820108499
0.945941256445378,1.57731692597959
1.38195387169718,1.46502811393279
2.59356506443297,0.8318287589334
0.809794524624071,1.96241998608501
0.907657026166079,2.59410796217207
1.51156811908468,0.915512680619622
0.657233176592297,1.94387716716373
0.925945962880788,1.92206144824955
2.11111959471488,1.69931611863191
1.45244214353037,1.29359005108305
2.39828985433756,0.662301119638271
0.917949888726434,1.67521077806185
1.56358292647234,0.782230204431556
1.03895698407745,1.64546417291282
0.868720988776071,2.04741304763916
0.684483694976451,2.14152157209056
1.54975533339474,1.36866319006043
1.46232620860611,1.45459844899868
0.888282811630368,1.32604818324379
1.67881115887609,0.698329605311455
1.36849929203058,1.86074221329153
1.05188863412681,1.34074132941707
1.38356542751639,0.691537055619835
1.90163835258415,0.841749005948188
1.53250123909821,1.65661711285952
2.23412097493506,0.929404174300945
0.839519611951169,2.11181202901422
2.45717855375083,1.06165173986945
0.645778822998212,2.57061126175384
1.05515236746594,1.2543277134305
0.679106624428356,2.71868025784244
3.41517058760991,0.562913211465694
1.47084524780553,1.53913871032305
1.40010719478251,1.21508752433829
2.63770775601889,0.792020315231254
1.44433747584453,1.40698582636786
1.42962467709156,1.86757658006986
1.82364535825517,1.22050505799295
1.41939115914575,1.57546149280579
2.12889987926184,0.94036481392754
1.41146880501199,0.858870234432932
1.24691544881797,1.32844478422957
1.61661719709338,1.53520370881594
1.96672862360746,1.332378603936
1.87450430984639,1.06191994923969
1.19589165528007,1.41779499936462
2.81479292727408,0.557867815950031
1.37983609037366,1.39173689942474
0.761661483637012,3.2077316591487
1.26653195664478,2.09810511392071
2.71356862594784,1.00607494738959
1.88679577917898,1.21485528244898
1.60587053603014,1.26478650870707
1.27924711042546,1.6709759395893
2.58438244750058,0.860977497013433
1.19195399190465,1.56310630399788
2.25686435126145,0.98905510609402
1.38555309760125,1.21689160896589
1.0172072383598,1.63512977673888
1.35984789366579,1.09797227271719
0.939772003166963,1.91360925863056
2.64072409644705,0.534571534289435
0.685674130451343,2.02075742862111
1.799956590253,0.844313329912565
0.410135327192242,2.27250780340185
0.606502089548193,2.44665398015139
1.08007465709093,2.03810275021578
3.58357959577366,0.638700813594723
1.25613762224962,0.919506054966804
1.19996839399147,0.651848788308874
1.67270471967588,1.06626505592642
2.54042387119346,1.04147697852382
1.04164159862006,1.95136177866741
1.80590304662727,0.786078253658312
1.11299518572733,1.87375399656328
3.26396294105877,0.548771622083448
2.41572835871166,0.556770937398881
1.44130526402319,1.46964409686797
1.63258892682516,1.12547043473702
1.11925164281903,1.67153241383898
2.49018773945996,0.943227817392124
0.935194358851282,2.190424111837
1.01427072673085,2.0118815908144
2.64102219252814,0.969769603033032
3.89212237467889,0.556888638494089
2.55917070859731,0.749396533686996
1.88341167490543,0.794668137747281
0.87411939811341,1.50547160861774
2.08437402448038,0.958824196483857
1.93509013429084,1.43219226733575
0.934936831758087,1.20797027680567
1.05743284395947,1.0027704792376
2.05797858168755,0.61022436134596
0.8407007689676,2.39083013111543
1.85873853567635,0.592963634686619
1.79771342526586,1.27635563107603
1.72521778271232,1.06821905645567
2.48768198202452,0.952825182492729
0.906791162563627,1.81097212603372
1.63504357064154,1.03183742552161
1.37921550739752,1.28543382471064
1.92389077689079,0.871557511276336
1.58572327587752,1.36865643126463
0.819619219505132,1.72547317722419
0.794974775288196,1.93008360457269
1.22027424898422,1.55427907791607
1.27479624253499,1.1684285571704
2.35754647805447,0.78395398118543
1.01587554429864,2.13575655181123
1.5278826711178,0.884311675205311
0.651078049146902,1.86855743621892
1.03059571042625,1.45344344210995
0.984223581857467,0.947423912945715
0.806588432937227,2.48072811044302
2.08221979905573,0.826759062995902
1.06376558333961,1.34973914420698
0.789066178786625,2.34592520642368
0.913672536432216,1.98381707362041
0.945655337597771,2.17131138384979
1.17787046128335,1.42210566548859
0.972959678765576,1.92493562429539
1.31911671963672,1.55544859447227
1.9657623486498,0.581066351830014
1.94968686583525,0.636542860474794
1.41332623266324,0.92435073054174
2.3764415978904,0.687655736410802
2.09482758019294,0.794549439137677
1.03447040174409,1.56324409244748
0.664703532432037,1.53696269714945
1.07164009280629,2.21336435763271
1.47551244388777,1.07916064140511
2.05728151322322,1.10193924871027
1.77982590239613,1.3612524371141
0.920390700567027,1.3666586817018
1.91109226172708,0.642893716551288
0.970727015460388,2.06125741525171
0.782010214345713,1.34760742802098
1.53110492707593,1.69804768493697
0.486132023806017,1.67149092869074
1.80734488944106,0.481006897724569
1.52752370682048,1.38259781452801
1.21297110628234,1.30129042709463
1.76259694945133,0.789130288327884
1.43813503198935,1.16824744816407
0.966170078626415,1.8214750057162
0.434116507524354,2.68545976708591
1.88747109059971,1.17428315394228
0.917823150271346,1.8146627474156
1.41438408034611,1.39921292142046
1.57412336475753,0.998484002224954
0.817887856532374,1.86660013344197
2.34252694069128,1.02051790666318
1.36984074533604,1.42389452547649
1.05402714364008,1.27644685351373
3.17137517464437,0.677381926872428
0.955750349458096,1.8885084281478
1.82073509942682,1.63805950759741
2.11039712004969,1.02114296256087
1.19004869314382,1.83659776150162
0.69818393769069,2.90183406827474
0.900637764782309,2.52569336206947
0.838245746460197,1.89979974985492
0.998634679702154,1.80180034990732
1.71871009826302,1.16007968808882
0.689622937459483,2.20315937904914
1.50408132511401,0.726070267311346
0.522594724315134,1.91507408990219
0.739837492419196,1.8809668112102
2.45827665410482,1.11683455106645
2.72338546493749,0.834709469137111
1.59420512065212,1.36820049088203
1.05481913447479,1.8411180713857
2.45332394186259,1.07225016471036
1.71117819652487,1.17202568210846
1.10702969061866,1.38749737662033
1.02490196799478,2.06711174590041
0.945862823833836,1.91068566711536
0.677270354993096,1.86609849174009
0.821822667721785,2.23404783458425
3.0862749064051,0.585873680564364
2.85259183665701,0.831648741461311
0.548764593649295,1.8774366962038
2.38171685526428,1.09276156658291
0.84636777019401,1.76445744682128
2.03764474190789,0.926966354590618
0.696350617537697,1.94649712998919
0.837085783489341,2.62276561296606
1.98091855559469,0.761199801262012
1.02355193772214,2.17839344423274
1.91468356526561,1.18411794231957
0.956062225371024,1.51431580585803
3.18074233894996,0.725209425987189
1.2240562416182,1.77687973284184
1.43541120937598,2.28324926402817
0.858785935122619,1.82141392507771
1.22471519459656,1.16797845621342
1.23300226068295,1.60679299988613
1.03857785745283,2.78907431491806
0.610596348990546,2.43068474548921
0.952039657766994,1.15830910545285
1.37551491762279,1.08375368760103
1.11599048935671,1.6803868535133
1.23511553635667,1.58687653239492
1.49358467450848,0.488836403007072
1.08835690338884,1.50423072504534
0.676870200386613,1.47641563656859
1.18950714682313,2.02444062040964
1.26898510010294,1.84609001236829
1.47229411670323,1.50386628123618
0.804784940204249,1.7665691551852
1.87537331388774,0.989191493831415
1.16891777229344,1.2557386191736
1.70078927166408,1.45724174357029
1.329932703486,0.895346405307381
1.02237408754109,1.75531741716519
1.09016690111906,0.946498911113793
1.9119361708094,1.1985124222536
1.58807838867515,1.24707022542923
2.41369283480759,0.555837703263238
1.50081523686774,1.27516538475573
1.3447297798334,1.52180012099985
2.48323961904495,1.02808104508317
1.58565337050343,0.820191966027237
2.07256457708194,0.64783571122586
1.2995685595609,1.46686797321697
0.957268284407304,1.72725664477181
1.42767479353913,1.97331538727638
1.3678298543499,0.865327252980305
0.855943105772314,3.5135778544052
1.83988308977912,1.02651302137555
1.5542963442712,0.914551639580039
1.39385904880958,0.782807060075945
1.37814419597173,1.47137204178705
1.31838581312202,1.21975670980843
1.67308076614393,1.03998624029672
1.13908026262776,1.71606807481517
2.57250795144149,0.868036486693561
2.53616311748479,0.708622896569544
1.40363379983248,0.988561478711109
1.48119727462249,1.06889021390599
2.54088835920648,1.23849387203175
0.743852089658402,2.32512400121771
1.05214083843996,1.30723605288789
1.85457646934825,1.17821584941158
1.66374914940688,1.8028310011947
2.44464412610525,0.601387247200206
0.652244777138473,4.10134823384371
0.923279063141787,2.09560762806249
1.99504393966588,0.907642591333404
2.97919132172755,0.520012261126925
2.0525260228124,0.86479094600322
1.63300523431028,1.26740017869793
1.36285934714632,0.73224730195019
1.08587100724773,1.12745061113097
0.83068117007997,1.47562211554212
0.729986067582988,2.70083549928219
2.95337779340396,0.870452898560758
1.24412379285922,1.52606687148135
1.2744258697344,0.96391066643253
2.69907599477186,0.0191771834702928
1.55081109344996,1.0394770811798
1.83403783273852,1.17275565876651
0.915826581441055,1.23191194019659
1.12963311687135,1.39472606701207
0.869155839586823,1.84044040903124
2.5735538427694,0.520851945675725
1.92696263764598,0.609556813959824
1.08223091259218,1.00275165533399
1.33735238023668,1.42599776341272
0.52853692872643,1.5115440572243
1.03803040548326,1.60647372128026
0.889825229623562,2.64613149025887
0.90061753932524,1.45616074789463
1.19408232967194,1.05714876773486
0.969718531844614,1.81155893126777
1.13896275196072,2.00610240054479
0.980072407690306,1.75513386549971
1.70472720552259,0.701738699415436
1.43229974739299,1.39035834152473
1.64298268161933,1.28511533588403
1.04745717263055,1.4705833015363
1.30633458318659,1.24262261769248
4.07652592421789,0.360068723794078
1.59681998910415,0.966046281557989
1.35259103529093,1.21319365023315
1.26022560333635,1.85391184721918
0.813399974849462,1.67772169794835
0.788141796213496,1.96634174891593
2.61876260996595,0.806270503960201
1.28409997555863,1.66761138982523
1.0314917667,1.67229894486079
1.49230212581979,1.3343956722637
1.15406476009608,1.92091024241672
1.01021675098948,0.800638838881928
0.856384828361486,2.88061022722415
1.42290646707954,1.39286798262569
1.64265650344894,1.21637663945846
0.637926806542485,2.48914913282305
1.46693885955194,1.19797517219037
0.762411612443143,1.95634784451453
1.15277466470401,1.74167559454681
1.44306326595419,1.31130757698486
1.37752191355034,0.993230202425616
0.641591136785139,1.82446311754031
1.96419194491243,0.945571497027299
1.77230844795096,0.799943180606931
1.15766180919554,0.895785580776379
1.43142636782282,1.02529194449857
2.89819179472335,0.75888072108467
1.32361771193647,1.20188322951852
0.49219916663645,1.97339956646512
1.10218675769488,1.48374500190745
1.30791143895171,1.43131773522039
1.09066603322996,1.5973353949877
1.02708054788927,1.61551350108704
0.965139646888966,1.44674423662434
2.33568751007984,1.0997892870159
3.62887019771121,0.431465848668165
1.52092521945789,1.81249252473842
0.542967010858044,3.20539485617212
1.70407971327362,1.16264390685497
1.59762847247787,1.99149448595991
0.831740179147106,1.5424596505815
0.571928370047013,1.58950710042936
2.3122165238613,1.0838470824232
3.68963830110189,0.524150642025981
2.18995522334591,0.569300146673079
1.45662622585579,1.68262884985324
0.96333450859086,1.66834468488305
0.98048224446456,1.87521640627717
2.26579109615966,1.21418493089028
0.795330490277024,2.4877042881385
1.64146422750972,1.32385295333753
0.728417036566947,1.2448628680514
0.914886557416037,2.96473247495785
1.06804612511527,1.53152994545337
1.31058903252868,0.933309125762127
0.7626914119543,2.01124655014342
0.713963577089756,2.3138169171126
2.12987045015714,0.980369875103169
2.25897398832384,0.928347289854787
1.37109312498683,1.21206040473441
0.752549905795804,2.83758457919524
1.55626998369066,1.52570423945758
1.50534866731943,1.33382463647552
0.940531656783306,2.57992343039294
1.22858037966902,1.21527106524021
3.28676052846869,0.502305005868326
1.5390596844774,1.10073695902292
2.97149400539447,0.878646426184185
1.08374185158829,1.79022050969361
1.47494176011584,1.14447470333483
2.06283516136368,0.695697064445145
0.926607942728807,1.3365252324011
1.7374052240422,0.904812149695885
0.825985672393185,1.86061086126357
1.07221538566588,1.15942847633939
1.61383402365627,1.08364037595696
3.24704792565112,0.706533222659575
1.81731653735866,0.813199496158484
2.11652250207604,1.00816181319898
0.500185406647617,2.79911264570671
1.59513408367024,0.926120916194109
1.29048332389601,1.39038706557276
1.36283895894755,1.59413791592072
1.5810302663041,1.52899299408493
0.753853323399673,3.67775142931246
1.23520055095707,1.67071654191949
0.684414973672278,2.55729434377514
1.26961920633511,1.61797773355294
1.69514253693378,0.985307950063522
1.31793564812709,1.94802158964573
1.87814875596714,1.10200156713117
1.25206544548878,1.61561343512164
3.39070696757176,0.714970631081903
1.4257810413189,1.54544473520357
0.739739160667348,2.28455113416995
2.25601865898159,0.662975606064387
1.86327147949156,1.01043225672784
1.55004315786515,1.16577163460733
1.82923766862967,0.682604086957702
2.60410384620185,0.500608075062492
0.957552574389593,2.19726782979918
2.82026680983378,0.798592093579007
1.22567289004451,1.79900589419003
1.12980078571134,1.901429263582
1.02483502925157,1.26870343035212
0.753132117109926,2.16459084969338
1.04592701161265,1.49569490191923
1.95340019848849,0.842991976801894
1.05248080591121,1.2847880658283
1.22636453890798,1.26536165154466
1.46915591734916,1.04411618347634
1.31364272321684,1.48138181495726
1.73204141179006,1.42737433253883
1.27906070697185,1.31574108917868
1.22974121498834,1.79079436411107
1.76941715920372,1.08590869871965
1.59668430715956,1.35126892445189
2.69038870027667,0.619023135503616
2.02585469810587,0.606295440816169
1.58593012302803,1.32939953546404
0.806763507748922,2.27712489441809
1.87999965666271,0.731597565818115
1.46468031424899,1.39500960646969
1.53733697544675,1.45613514528755
3.43674643171238,0.796504758139845
0.828254725926066,2.00720055081508
1.21571520466211,1.14098770920564
1.32642888775242,1.10996189822522
0.655142835817552,1.71845580002338
1.1351665046403,1.42975358187892
1.87920614841107,1.06502750700379
0.656497222559906,1.82896727179274
1.91236239029422,1.16811845860221
1.73243314367623,1.0415071080513
1.63165653358021,0.843857063408634
1.31391016969734,1.5804831232142
1.53913028690494,0.690772646860065
2.14058267618036,0.766789693831324
1.27704245438105,1.63911532000327
1.05746319699699,1.64629018731875
0.902318041705691,1.20212834097696
1.26277764767035,1.12294866458934
1.67659106789699,0.953263189837531
0.96495000639591,1.54787702694885
1.06228958452758,1.86346965195199
1.02853049617098,1.63292947701305
3.2243633613222,0.686769936566253
1.1641650949948,0.980361535113033
2.12802632062148,0.600040573732345
1.952225509612,1.04995675424823
2.05537652885282,1.2916976835703
4.60998020589698,0.558696057210831
1.15915069038802,1.04946870508333
1.75436213956262,0.543549862980601
1.73096187405812,1.29424012851978
1.01810543594674,1.63975079302749
1.72896871773945,1.3049623153042
2.13365060551162,0.829845279580006
1.21412593462206,1.44783423724145
1.26385127771059,1.36589435576921
1.57180336048487,1.75559088262553
0.963358332404465,1.8712513773341
1.67745250599297,1.47452546437901
1.35071172399305,0.860722014038214
1.46456489380519,1.26350828464604
1.75795549004396,0.62458239001212
0.832112930019169,1.55303110469678
0.581567084821772,1.79642003238286
1.46950489983821,1.2766816705383
0.836023816448465,1.89861788676425
2.30322515743301,0.883755207580193
0.372709012739008,4.03473095487587
2.39085281834687,1.42179949003012
1.83007090716912,0.573991203573456
0.383346131031797,3.12648878256045
1.5422819140406,1.24969337498755
1.48597225749856,1.37655634164145
0.953236830102029,1.72617814216901
1.80541360817103,1.17151234746648
0.901021731011362,2.42486222145517
2.12991535405032,1.20395210177982
1.74544594068599,0.681792741399763
0.572630799591316,2.34445169853679
1.7273674791439,1.07203783885095
1.33579028092731,1.4952499905905
0.927574957778417,1.55188043057092
1.08493269665504,2.21881407398854
0.946226787185243,1.31630930090047
0.651002003802762,1.9100051801955
2.35650598649106,0.597666614083891
1.07858862757285,1.78350823872374
1.10761720211924,0.845749710442845
0.984756267837918,1.30852574217244
1.78467986053613,0.889473178185884
0.797044945727365,1.94129519310614
1.22785909525047,1.55299567397807
0.564248479695425,1.6977815272722
0.905297409209012,1.4491222780533
1.58772376910561,0.94394849794863
1.41945625920294,1.55101075937581
1.16350004186844,1.73338353117682
0.595287867475665,2.01676102688059
1.47596706842406,1.06285083682833
1.33690363413982,1.17833976441207
2.82833180574752,0.682689020488019
2.17913384431155,1.21241804624157
2.51840193004978,0.536270103233736
1.45955646275783,0.970971292876675
0.704257257166973,1.28855848265706
0.512421846646318,2.06839185377815
0.933955551663863,2.06378931999467
0.722093145855776,2.58784568921181
0.753173530043991,3.1440093621066
1.48087970868465,1.41190851873954
0.823251125134721,1.17536281752609
0.798359688094881,1.18398836021614
2.38643880744287,0.986152772178146
0.761484437511619,2.78062684545115
0.674016781580821,1.6048584416487
1.0050569771989,1.26202497041
1.11723688814556,2.15612665302641
1.25610854491389,0.989877369342291
0.651596361969822,2.62579435343461
1.62926878873959,1.36729365761238
0.548173809372596,1.79879984518886
1.29411246956469,1.00481028755447
0.714835106841953,1.73336008238651
1.50683469141794,0.592147223518445
1.79531949323349,0.852992996740054
4.49381002648187,0.607365726054837
1.71273183817091,1.50696687404322
1.95078936576056,1.05272437371584
0.758726302778451,2.7855824567996
1.45140166846848,1.28150080732897
1.44877918875886,1.69555000676654
0.826447442826073,2.05426493657638
2.5,2.5
5.5,0.5
