"locus","slope","mid","G","p.val","X1","Y1","X2","Y2","ibdprob","locname"
"Fh_ATG04.149",0.55757774186836,40.6127179204493,94.64755813807,0,40.0428138233505,0.138101620992047,41.1826220175481,0.773633300075782,0,"Fh_ATG04"
"Fh_ATG06.189",0.110346699447268,38.0316760164291,86.2713905853419,0,34.6206259451803,0.182477147400807,41.442726087678,0.935273381424167,0,"Fh_ATG06"
"Fh_B_101.100",0.157333588601383,39.373540487008,81.347126885402,0,36.7231403073185,0.0873619743060184,42.0239406666976,0.921355917306627,0,"Fh_B_101"
"Fh_B_128.132",0.36985616925861,41.2371150882926,88.975250888712,0,40.0564763777281,0.113988861590987,42.4177537988571,0.987321883126606,0,"Fh_B_128"
"mdh.1",8.84298628552618,40.8340250415543,91.140617518046,0,40.7809301144922,0.0452984688667205,40.8871199686164,0.984333892549764,0,"mdh"
"mtdna.1",9.05482823774359,39.9913945412557,206.401093654471,0,39.938249380579,0.0275098533550247,40.0445397019324,0.989950456543846,0,"mtdna"
"ldh.1",-0.150679097467191,40.6310618918003,69.9334985397246,4.44089209850063e-15,37.7390191787606,0.899812976746778,43.5231046048399,0.0282722050720079,0,"ldh"
"Fh_ATG02.965",0.127858432195296,39.8759055496788,54.608078369984,8.32378610482465e-12,38.1050036442613,0.522496433421911,41.6468074550962,0.975345915818582,0,"Fh_ATG02"
"x280_83.1",-0.37084159132668,40.2642750656657,47.7770595154302,2.37527331137244e-10,39.0910761574147,0.93963238192978,41.4374739739167,0.0694904817727253,0,"x280_83"
"h6pdha.3",0.243805171499545,41.8755964826762,43.0725233570365,2.37527397750625e-09,40.2093118518381,0.184009542090291,43.5418811135144,0.996507162467389,0,"h6pdha"
"Fh_ATG20.117",0.0582589544774059,40.0252778222009,41.2912450278874,5.67216729141506e-09,35.6960491061693,0.115916644756346,44.3545065382325,0.620349322135472,0,"Fh_ATG20"
"gpi.2",-0.109652898549519,38.850795125415,40.1413316053258,9.94483595473383e-09,35.5594342684597,0.790312971285317,42.1421559823704,0.0684984550101528,0,"gpi"
"xTC15936_105.1",-0.267827946638004,39.6039964354214,39.7217574142013,1.22048332551472e-08,38.0850704992127,0.891292935626509,41.1229223716301,0.0776713064465233,0,"xTC15936_105"
"xTC22196_102.1",-0.237444818718251,39.6634077883302,37.3539683703449,3.87247995892182e-08,37.8711164150321,0.87187839898921,41.4556991616282,0.0207377985431137,0,"xTC22196_102"
"x18_97.1",0.238545247300351,40.2594920848221,36.8860826866201,4.86394796661571e-08,39.3828859335232,0.56436715010365,41.136098236121,0.982587612396866,0,"x18_97"
"xTC15829_398.1",0.432770018075166,40.3027043887385,36.846108846979,4.95958702995125e-08,39.6868017976156,0.450668464684603,40.9186069798614,0.98375681567019,0,"xTC15829_398"
"xTC15344_885.1",0.219692326361364,39.8255616288017,36.5596819438689,5.70207967509617e-08,37.7972416667714,0.100805173705956,41.853881590832,0.992017835833226,0,"xTC15344_885"
"xTC20247_564.1",-0.478407178412879,40.0981880656776,36.062285126357,7.26471772738435e-08,39.3391355827972,0.73763379247877,40.8572405485581,0.0113614792745419,0,"xTC20247_564"
"xLDHB_654.1",-0.332598082780166,40.603443227417,35.7777849727009,8.34383807601924e-08,39.4392966965973,0.818171056863084,41.7675897582368,0.0437852484114209,0,"xLDHB_654"
"xTC18850.1",0.341796666083543,40.3270022020056,33.6700732729287,2.32576668590667e-07,39.3388557606387,0.173329596332963,41.3151486433724,0.848819914855985,0,"xTC18850"
"xTC15573_327.1",0.117374810658991,35.9177976006026,31.6438059770133,6.22078778378388e-07,31.7629451765885,0.017981654672106,40.0726500246167,0.993331687841514,0,"xTC15573_327"
"xTC18885_458.1",-0.319676812117609,40.4623684108458,31.0544441819392,8.27903363753713e-07,39.0337091264537,0.918989781331396,41.8910276952379,0.00557129005800283,0,"xTC18885_458"
"xTC16089_129.1",0.453346267158695,40.7899733417606,30.9127419628108,8.86779016218142e-07,40.0641752787743,0.304989794523885,41.515771404747,0.96306547965561,0,"xTC16089_129"
"xTC15743_231.1",-0.164934096160229,38.0538855189747,30.6686579949692,9.98155949005763e-07,35.775276218302,0.823838334394974,40.3324948196474,0.0721976033774893,0,"xTC15743_231"
"xTC16936_415.1",0.078532863107021,37.3351699744582,29.5726396314782,1.697353409158e-06,32.7503784333777,0.230704988881525,41.9199615155387,0.950818601821332,0,"xTC16936_415"
"xTC16318_364.1",-0.533499957582423,39.7129528933807,29.2425230335889,1.9914505037244e-06,39.1208650644091,0.701993261402814,40.3050407223523,0.0702355981199602,0,"xTC16318_364"
"x1226_109.1",0.0918531483943998,36.037467336696,29.1738643863052,2.05873249270461e-06,31.8994893390661,0.229865283422021,40.1754453343259,0.990037897560144,0,"x1226_109"
"xTC15954_172.1",0.263507257751223,40.1551158496347,29.1208596623011,2.11222178470027e-06,38.7706033131253,0.175442998368179,41.5396283861441,0.905101202003756,0,"xTC15954_172"
"xTC18538_347.1",-0.272727938606795,40.6149439462177,27.7150785780417,4.16815297554773e-06,39.2311195791758,0.75679072686547,41.9987683132596,0.0019755928311027,0,"xTC18538_347"
"xTC16579_584.1",-0.103013909648086,36.9662762954021,27.4538994404543,4.7286471677177e-06,32.7938879455279,0.975085471678535,41.1386646452764,0.115457398697187,0,"xTC16579_584"
"x65_135.1",-0.324650660878198,40.1045440295496,26.4679787162715,7.61057730958026e-06,38.8503191722255,0.94145295905827,41.3587688868736,0.127083101418053,0,"x65_135"
"xTC19271_848.1",0.0957736588220327,39.3403470817377,23.967741547268,2.53703564819796e-05,36.4737630437052,0.37983120045179,42.2069311197701,0.928917683738201,0,"xTC19271_848"
"xTC17783_489.1",-0.100370827676207,38.1183516296355,21.3224527858549,9.0228504341594e-05,33.8245644783863,0.95388616952538,42.4121387808847,0.091944229052694,0,"xTC17783_489"
"xTC20982_97.1",0.149043567511427,39.1767259272361,20.7236618305399,0.000120144081628415,36.5181695444186,0.201604395835944,41.8352823100536,0.99408585128674,0,"xTC20982_97"
"xTC17055_211.1",0.146880529023112,38.9331834739792,20.4709976287838,0.000135559878008396,37.1977590359164,0.429967644718144,40.6686079120419,0.93976776380272,0,"xTC17055_211"
"xTC18973_332.1",-0.150796597364605,39.3978473095782,19.3496422634638,0.000231458360365311,37.1677084998157,0.77710911701913,41.6279861193407,0.104514428693261,0,"xTC18973_332"
"xTC18120_96.1",-0.149109830088517,40.1040701250282,19.3065601334529,0.00023625862837251,38.1069789499061,0.619100723402459,42.1011613001503,0.0235288718149863,0,"xTC18120_96"
"xTC15828_219.1",0.067865482606861,39.4761957756903,18.8152878870455,0.000298524636439867,36.8443140535755,0.592049382213194,42.108077497805,0.94927722868418,0,"xTC15828_219"
"xTC18081_450.1",-0.0912861365740445,37.1089270178375,18.6298434552933,0.000326060047792787,32.749426066285,0.811972933451118,41.4684279693899,0.016048934934936,0,"xTC18081_450"
"xTC18378_211.1",0.327287875190557,40.8403398390744,18.47935927647,0.000350250129250718,39.7780726933362,0.248295806164155,41.9026069848126,0.943630120190967,0,"xTC18378_211"
"xCONTIG_367_ATPB_HUMAN_ATP_SYN_1.1",0.0522777526032752,38.6579106684841,18.1419174848231,0.000411177620082692,35.3305614136686,0.62542965986276,41.9852599232995,0.97332234219863,0,"xCONTIG_367_ATPB_HUMAN_ATP_SYN_1"
"idhb.3",0.0434722220324996,39.744478546609,16.8477816304574,0.000759555668102041,36.0764223972155,0.632446406954092,43.4125346960025,0.951363509662315,0,"idhb"
"xTC17468_80.1",-2.91605156494655,40.2493663793096,86.4031330178438,0,40.0808611168434,0.994480949557105,40.4178716417757,0.0117408809246603,0.001,"xTC17468_80"
"xTC15297_568.1",1.01752213966769,40.220323313953,76.564748851727,2.22044604925031e-16,39.7297042963608,3.71707280171069e-05,40.7109423315452,0.998468595812216,0.001,"xTC15297_568"
"xTC15725_627.1",0.353112032825829,37.9846640505042,36.2662925917022,6.57781024093751e-08,37.5002532943467,0.635162810161604,38.4690748066617,0.977265343820576,0.001,"xTC15725_627"
"xTC23373_114.1",-0.297716022790279,40.9272344675208,36.0011362622334,7.4842358199767e-08,39.6868225963974,0.971270898086074,42.1676463386442,0.232689920300663,0.001,"xTC23373_114"
"x1079_383.1",0.124224051345826,37.7642586731261,31.0278255286877,8.3865739131106e-07,34.9919428590977,0.279980741223213,40.5365744871544,0.968757345280631,0.001,"x1079_383"
"xTC15306_666.1",-0.422814372324814,40.0911423686651,30.8469509260457,9.1551719205718e-07,39.1851932041301,0.879814379629449,40.9970915332,0.113717724907392,0.001,"xTC15306_666"
"xTC20809_90.1",0.120049733351702,35.0294091039825,27.6972681593134,4.20417388669048e-06,31.7734689224236,0.153494550153713,38.2853492855414,0.935244051364203,0.001,"xTC20809_90"
"xTC17095_363.1",-0.358081099532038,40.4982412842281,25.2807442292064,1.34880843740692e-05,39.8809546921547,0.526004654788335,41.1155278763016,0.0839273315562503,0.001,"xTC17095_363"
"xLDHB_1033.1",-0.214523757757946,40.2708298127909,16.2282038609033,0.00101813089744596,38.3762341004439,0.907199251572496,42.1654255251378,0.0943276682829744,0,"xLDHB_1033"
"x621_128.1",0.211919327381575,36.9046509106373,20.7000777752694,0.000121505887142104,36.3319044910977,0.750176273095417,37.4773973301769,0.992928345073478,0.001,"x621_128"
"xTC15431_171.1",0.154895651930105,39.3548368014531,17.9146594867234,0.000458039571705871,36.5731200614946,0.115010929511254,42.1365535414117,0.976762585352776,0.001,"xTC15431_171"
"x199_181.1",0.0799643881492975,38.7057213409546,17.1296256458429,0.000664656011202136,35.7868046308383,0.505520058421853,41.6246380510709,0.97233883598827,0.001,"x199_181"
"x1173_79.1",-0.198806435020608,40.8369765559962,14.9553898019594,0.00185517101242716,39.5572563264786,0.706654732280516,42.1166967855139,0.197821498972199,0,"x1173_79"
"xTC23851_285.1",0.186473991065303,37.3825669565764,41.6803602836915,4.69027960914303e-09,35.9376064202265,0.444848424801868,38.8275274929263,0.983743541091925,0.002,"xTC23851_285"
"x678_160.1",-0.216532405776454,40.3830814601696,31.8912706061916,5.51700120920984e-07,39.3556727060395,0.956749033819155,41.4104902142998,0.511814455323965,0.002,"x678_160"
"xCONTIG_966_MDMC_STRMY.1",0.854046878828766,34.1659503540173,27.3653071122488,4.9353615512171e-06,34.0860100372012,0.852512886816082,34.2458906708334,0.989058442954887,0.002,"xCONTIG_966_MDMC_STRMY"
"xTC15606_316.1",-0.0718005718666761,37.9480164060985,23.3202058326044,3.46288854727872e-05,32.1528468319152,0.858528278064065,43.7431859802819,0.026335299082616,0.002,"xTC15606_316"
"xTC18194_242.1",-0.385982342580729,40.8569656793748,23.0165641864255,4.00632484934826e-05,39.8578928848908,0.888204434353324,41.8560384738588,0.116955519106107,0.002,"xTC18194_242"
"pgm_a.1",0.219337679480091,40.8232972099824,22.6429622641773,4.79287157783004e-05,39.634911168949,0.407763327347127,42.0116832510158,0.929079000480725,0.002,"pgm_a"
"Fh_ATG18.152",0.0299693256378383,39.860278431709,14.6390079219312,0.00215263198872484,36.2286937015297,0.457467157755215,43.4918631618883,0.675139448475505,0,"Fh_ATG18"
"xTC15560_283.1",1.26642016033511,40.7551645888149,19.8579863922378,0.000181642208269994,40.5737892283045,0.166371149534343,40.9365399493252,0.625765975810978,0.002,"xTC15560_283"
"xTC15604_448.1",-0.130758595372543,38.8887180921129,18.6487458892984,0.000323141461353038,36.4609521673519,0.682895108500199,41.3164840168739,0.0479925840700658,0.002,"xTC15604_448"
"xTC16027_529.1",1.61386318643441,40.3170699626458,69.93845526537,4.44089209850063e-15,40.0153053357568,0.0133469620542758,40.6188345895347,0.98736060666261,0.003,"xTC16027_529"
"x1406_118.1",0.139346811676485,34.8795382524328,39.3371764462576,1.47241239201179e-08,32.4499653307744,0.309072659534227,37.3091111740912,0.986179140271474,0.003,"x1406_118"
"ests.2",0.279360254889307,40.7616550086305,25.6123797792367,1.1496528262156e-05,39.968853837406,0.51667135352021,41.554456179855,0.95962562805983,0.003,"ests"
"xTC21355_132.1",-0.12152604758988,38.9163420579648,23.2342189359265,3.60885595382943e-05,36.1835255676081,0.665888702537395,41.6491585483216,0.00167192881438915,0.003,"xTC21355_132"
"xTC16288_316.1",0.0533120645661579,38.0609467134258,16.0624318446961,0.0011010475565163,34.699424985242,0.538547366904399,41.4224684416097,0.89696669373136,0.002,"xTC16288_316"
"xTC22033_359.1",0.147521299716247,35.5685883863548,20.5062542471053,0.000133295944828804,33.5436612292945,0.282173253367978,37.593515543415,0.879613025448482,0.003,"xTC22033_359"
"xTC20694_428.1",0.178940689816834,36.5231326577634,19.1787532875755,0.000251089712543395,34.284497886632,0.0932726692916312,38.7617674288947,0.894438369680024,0.003,"xTC20694_428"
"x1178_161.1",0.23886561464389,39.7918556834662,18.5295582464924,0.000341988588777431,38.907774651101,0.45514398206823,40.6759367158314,0.877497100450076,0.003,"x1178_161"
"apa.1",-0.0310028578039809,37.3617421452811,13.6051403394819,0.0034950033893697,35.320782390072,0.196306469813352,39.4027019004902,0.0697552996645594,0,"apa"
"xCONTIG1863_NUYM_HUM.1",0.0951751847687854,39.244732774553,16.3681707203413,0.000952971666838165,38.4806356989278,0.837185715047879,40.0088298501782,0.982631875755718,0.003,"xCONTIG1863_NUYM_HUM"
"xTC16344_233.1",-7.396712854183,40.2734664237013,83.0332280335424,0,40.2073762091848,0.989991631698639,40.3395566382178,0.0122909531987237,0.004,"xTC16344_233"
"xTC17785_524.1",1.75540164288603,40.2519894692517,76.4230894657812,2.22044604925031e-16,39.9719686313335,0.00672374802484315,40.5320103071698,0.98982182587246,0.004,"xTC17785_524"
"xTC16441_544.1",1.04399657279849,40.6807846756533,26.6146896712781,7.09052576908231e-06,40.3144756470459,0.191491794068775,41.0470937042608,0.956342534971356,0.004,"xTC16441_544"
"x886_60.1",0.153136247282863,40.3914767136972,24.2930888066554,2.16964779503614e-05,38.8417748518017,0.513945130496938,41.9411785755926,0.988576185572797,0.004,"x886_60"
"xTC19165_340.1",-0.109900418530345,39.101544903753,13.805965707375,0.00318152418277207,35.047538377828,0.897832368326465,43.1555514296779,0.00675834047867244,0.001,"xTC19165_340"
"xTC20564_217.1",0.223142390890867,36.9344479473937,23.8238178733848,2.71874863562171e-05,35.8931427489798,0.483939188898958,37.9757531458076,0.948657852141281,0.005,"xTC20564_217"
"xTC18048_243.1",0.36635277522427,41.4126668826625,22.4646658207198,5.22072501064619e-05,40.1858370109159,0.0969455499398087,42.639496754409,0.9958506064246,0.005,"xTC18048_243"
"xTC19110_377.1",-0.292023177270257,41.1506821346835,16.2864837691874,0.000990478691473062,39.6791315618996,0.900728468461674,42.6222327074674,0.0412747209052183,0.005,"xTC19110_377"
"xTC23063_412.1",0.19238441860618,40.7136739361152,20.1132989119345,0.000160807919362016,39.4280825141439,0.411746876281708,41.9992653580865,0.906402392843796,0.006,"xTC23063_412"
"xTC20884_346.1",-0.231290610526772,39.3424665594723,18.6802061407418,0.000318341423407142,38.1061586893065,0.935483568637075,40.5787744296381,0.363590764457662,0.006,"xTC20884_346"
"xTC15337_92.1",0.0415272168956322,36.6205664974118,12.5778153621654,0.00564453057139769,35.426750873412,0.89991099828801,37.8143821214116,0.99906267899048,0.001,"xTC15337_92"
"xTC15240_1242.1",-0.262381554938362,39.7127653909542,13.3165028819091,0.00399982394427056,39.0592212112747,0.991259568983368,40.3663095706338,0.648303692812897,0.003,"xTC15240_1242"
"xTC16840_430.1",0.1359373597859,40.0265985545732,22.0963777625564,6.22873233613319e-05,38.3795180294031,0.49114221976403,41.6736790797433,0.93894177565682,0.007,"xTC16840_430"
"x210_146.1",0.0227482501545639,36.7224713371945,12.3850834836571,0.00617397923052765,31.9407220403546,0.740415064010209,41.5042206340344,0.957967922372056,0.001,"x210_146"
"xTC20879_487.1",-0.660437316778549,40.4353537951228,18.3808933464011,0.000367036163395507,39.961509004579,0.947401629769297,40.9091985856667,0.321512065696739,0.007,"xTC20879_487"
"xTC15229_413.1",-0.0452718100319503,39.6615646532217,12.9477043687266,0.00475107344820791,36.0883888930082,0.997335951951955,43.2347404134352,0.673807683497647,0.003,"xTC15229_413"
"xTC15759_647.1",0.308040272896005,39.638607520159,23.8380337339861,2.70023742904302e-05,38.0441223814999,0.00593409518221601,41.2330926588182,0.98826536966459,0.008,"xTC15759_647"
"xTC18968_395.1",-0.0865216941647575,38.7647461912059,12.6950542988497,0.00534469772524215,34.2252656658681,0.916354174450997,43.3042267165437,0.130827083090696,0.003,"xTC18968_395"
"xTC21090_87.1",0.0262933036539836,39.0265897654272,14.3129102377512,0.00250873783537886,36.5807892399956,0.854536549392993,41.4723902908589,0.98315290117749,0.006,"xTC21090_87"
"estb.1",-0.0669193779418885,38.7017285334194,11.6328331105222,0.00875283184153153,37.51734697573,0.181198311915971,39.8861100911088,0.022682157743129,0,"estb"
"Fh_ATG17.135",0.157084570284555,41.323925136302,47.0940279724917,3.3191693837864e-10,39.8754669034759,0.440600132904956,42.772383369128,0.895661011062159,0.009,"Fh_ATG17"
"xTC21194_350.1",-0.153813956588516,40.744103475693,20.7605713749509,0.000118043268374612,37.9731402229187,0.889116991453308,43.5150667284672,0.0366913485121272,0.009,"xTC21194_350"
"xTC21476_353.1",-0.123431392939148,40.09658148943,20.6983775518178,0.000121604654394813,36.5810520612392,0.942194547372684,43.6121109176208,0.0743411588923673,0.009,"xTC21476_353"
"xTC17243_472.1",0.159688482298013,35.5984544074937,11.3870568219697,0.00980687301310312,33.845116657593,0.330634171404387,37.3517921573944,0.890609859879298,0,"xTC17243_472"
"xTC19909_289.1",-0.105049228875303,37.816681490278,12.2841830973345,0.00647044374304284,34.4802360680621,0.84598104862665,41.1531269124939,0.144999011050012,0.005,"xTC19909_289"
"mpia.4",0.31045531687572,41.6316852568794,30.6486685380955,1.00787324019969e-06,40.4516220192401,0.0752773549352874,42.8117484945187,0.807991167684653,0.013,"mpia"
"xTC17298_344.1",0.0504583692522448,37.7845782929231,20.2815173267606,0.000148398970541641,34.3558177620719,0.636020910468716,41.2133388237742,0.982040240355136,0.013,"xTC17298_344"
"xTC21134_177.1",-0.0653968770989368,38.4602179194121,12.3867645802809,0.00616915533683715,34.740305633911,0.703440857829739,42.1801302049132,0.216899564722263,0.007,"xTC21134_177"
"xTC17549_296.1",-0.0854779101685364,38.9684477317167,16.811173172775,0.00077283137177131,34.8644533373406,0.898580081984158,43.0724421260927,0.196978353634857,0.013,"xTC17549_296"
"x22_130.1",1.02744842825577,41.1373334238471,28.5039004148217,2.8467803872001e-06,40.79070424722,0.249000260667007,41.4839626004741,0.961287466093114,0.016,"x22_130"
"x120_61.1",-0.0881966326252763,37.4950979278844,11.762061805718,0.00824431163701944,33.9432369937957,0.991548361002386,41.0469588619732,0.365024013122593,0.008,"x120_61"
"xTC17598_212.1",-3.97447310658636,41.6990011593134,12.3970716039376,0.00613966075917283,41.6555205305533,0.36312276932498,41.7424817880736,0.0174975899956698,0.012,"xTC17598_212"
"xTC19007_297.1",-0.780830728887432,40.192100212813,20.1068138001184,0.00016130644913015,39.6624754376156,0.945154521134414,40.7217249880104,0.118059922626001,0.02,"xTC19007_297"
"xTC16958_256.1",0.116576328062763,40.6231991105796,9.69907189589014,0.0213052068373869,37.7172274894542,0.236147924749799,43.529170731705,0.913682926840595,0.003,"xTC16958_256"
"xTC18611_662.1",0.126943424796503,37.4932071873548,9.26050124132117,0.0260205796201985,36.8994343496948,0.788773019201534,38.0869800250147,0.939524134328922,0.001,"xTC18611_662"
"xTC17861_587.1",0.0483533784833083,38.2205096015519,11.8662904939676,0.00785551385661754,32.7697104697167,0.196625925832633,43.671308733387,0.72375503274886,0.023,"xTC17861_587"
"idha.2",-0.205717205049048,41.4186665727925,29.2616585085659,1.97309279359459e-06,40.4108878041818,0.428496256041845,42.4264453414033,0.0138613928691083,0.033,"idha"
"x1328_135.1",3.44969387467638,37.2065473489289,11.5338800449995,0.00916303493141246,37.1604253297577,0.510138957546356,37.2526693681001,0.828352651591622,0.027,"x1328_135"
"xTC17195_447.1",-0.240600192608439,40.4344466832206,17.7520945941154,0.000494783938468801,39.0730217241809,0.892191059895538,41.7958716422604,0.237072845161722,0.036,"xTC17195_447"
"x1138_193.1",-0.096495836243987,39.9899444907257,13.0106607910395,0.00461360749412343,36.8181943528631,0.932539725285409,43.1616946285883,0.320418361465339,0.032,"x1138_193"
"x1176_169.1",-0.114380837156525,40.5454202409533,12.9033032155609,0.00485045323346645,37.3323458122912,0.908992301004882,43.7584946696153,0.173964015011702,0.032,"x1176_169"
"xTC15744_148_2.1",0.106819363997303,39.3709482478253,18.6646040601521,0.000320712974271609,38.4702490452116,0.780940563235765,40.2716474504389,0.9733647951879,0.038,"xTC15744_148_2"
"x1217_200.1",4.86477563720392,40.5366582727164,29.9322199975732,1.42611323050712e-06,40.4693473751701,0.344447312342359,40.6039691702626,0.999352141344974,0.039,"x1217_200"
"xTC15246_1153.1",-0.125333821794393,40.4604464815788,11.6660825264541,0.00861910966859414,37.5802507146143,0.927110947471089,43.3406422485433,0.205139061491703,0.031,"xTC15246_1153"
"xFABP.1",0.0480237636169667,39.6441749650836,11.0646988692003,0.0113811195510199,36.2872052451127,0.648327602003732,43.0011446850545,0.970756242606123,0.033,"xFABP"
"xTC15654_567.1",-0.123080392890853,39.267263769635,10.3796828273647,0.0155996890210104,36.3637173265643,0.969262242812233,42.1708102127058,0.254522968832264,0.029,"xTC15654_567"
"xTC16247_564.1",-0.204647205959401,40.3147481194436,12.3275357045985,0.00634137980579785,39.3910283174109,0.9756959034638,41.2384679214762,0.597622550313079,0.04,"xTC16247_564"
"xTC18695_98.1",0.0845733969244273,39.7778516673087,9.46905405963328,0.0236628623780423,35.8308156471369,0.328471990529981,43.7248876874805,0.996100478547977,0.025,"xTC18695_98"
"xTC20920_159.1",-0.134896283006708,41.9927315668525,16.8088938820904,0.00077366551704039,40.0877020265433,0.835449503741156,43.8977611071617,0.321486695729769,0.054,"xTC20920_159"
"xTC22234_209.1",-1.89094106399423,40.7558252384717,16.0895079353564,0.0010870602207157,40.5679512165164,0.901034118416554,40.9436992604271,0.190516712470161,0.056,"xTC22234_209"
"pgm.2",0.0299024007832856,39.1172170741355,7.71953786203028,0.0521779616544745,36.8240451945541,0.79957619802186,41.4103889537169,0.936718887238264,0.005,"pgm"
"xTC19019_400.1",0.0246555007140162,37.5760130840807,7.85954702010652,0.0490054057681473,33.1744079689239,0.63286429045276,41.9776181992376,0.849911846571894,0.009,"xTC19019_400"
"xTC15692_236.1",0.0481258318568432,36.4639369173767,7.45504169845451,0.058724945386641,33.3030532689876,0.643175375779574,39.6248205657658,0.94741568574241,0.004,"xTC15692_236"
"xTC15413_237.1",2.61323905031261,40.3156140431166,25.2075234931074,1.39722039781409e-05,40.1537343939279,0.137018382683535,40.4774936923052,0.983078824104694,0.063,"xTC15413_237"
"xCONTIG_538_2_COX1_SQUAC_CYTO_.1",-0.152292770232521,38.6464032865425,11.2405365938306,0.0104938327555089,35.641211691809,0.974272101871107,41.6515948812761,0.0589341957881863,0.053,"xCONTIG_538_2_COX1_SQUAC_CYTO_"
"xTC17610_646.1",0.0762920076825516,40.0177274428999,9.16257335004604,0.0272056825439451,38.1925177965305,0.66501781933399,41.8429370892693,0.943515636060154,0.039,"xTC17610_646"
"xTC15749_698.1",0.0486242361070956,40.4889710833572,8.35344356763798,0.0392448716997027,38.1671444600289,0.426445433456952,42.8107977066855,0.652239525321863,0.028,"xTC15749_698"
"x1461_65.1",0.17968617128802,37.4588862643679,10.8518778625778,0.0125543940174773,36.326554992724,0.553648845668019,38.5912175360119,0.960577387330807,0.055,"x1461_65"
"x330_77.1",0.0835069828061943,39.9504105878395,7.59786285433151,0.0550965421601198,37.0054873155373,0.486748811566388,42.8953338601416,0.978592125697787,0.018,"x330_77"
"xTC22000_254.1",-0.223044670433415,41.7701701277911,11.9876153124137,0.00742570584486957,39.6580941752051,0.99300011448979,43.8822460803771,0.050825544940015,0.067,"xTC22000_254"
"xCONTIG1813_LIPH_MOUSE.1",0.0924356769498667,39.8070104556132,15.2645960087147,0.00160394162559696,37.7168434355314,0.608060939932916,41.8971774756951,0.994472946812018,0.08,"xCONTIG1813_LIPH_MOUSE"
"xTC23676_534.1",-0.69612455946245,40.93468055416,20.0589717088286,0.000165032063512927,40.5724113852108,0.807112944776136,41.2969497231091,0.302744013493055,0.082,"xTC23676_534"
"xTC21107_340.1",0.137766884505074,40.4610393750082,8.52389580183456,0.0363387462844197,38.191617454219,0.365309798503108,42.7304612957973,0.9906121738124,0.05,"xTC21107_340"
"xTC15438_91.1",-0.261391131165668,42.2183157717898,18.6122104214263,0.000328806269209836,40.4592351659997,0.927275946927734,43.9773963775799,0.00765980820961599,0.088,"xTC15438_91"
"x987_45.1",4.42483627873938,40.2568697451992,19.2570946104792,0.00024189242341055,40.2139354193701,0.613151488706849,40.2998040710284,0.993106213770718,0.089,"x987_45"
"xTC17250_714.1",-0.043226850355322,38.3375841013865,6.89607877382303,0.0752849009042251,33.7143676525917,0.99661237948404,42.9608005501812,0.596918208299411,0.017,"xTC17250_714"
"xTC20922_474.1",-0.0608414780971323,38.8597653745003,6.98604150422923,0.0723440104885292,34.381118244818,0.711947196966142,43.3384125041827,0.16697217447544,0.02,"xTC20922_474"
"xTC15464_395.1",0.101724221521456,37.2044052640965,7.6460427398608,0.053922373453743,36.2165838231986,0.645748021988245,38.1922267049944,0.846718756143328,0.039,"xTC15464_395"
"xTC17637_281.1",-0.719910289459463,42.943181108118,30.20898640982,1.24718904470633e-06,42.3820621873903,0.87422474539542,43.5043000288457,0.0663141761108993,0.095,"xTC17637_281"
"xTC23093_248.1",0.311962148718911,39.1202236589036,18.6615850633596,0.000321173893780724,38.2038949399968,0.393562365562089,40.0365523778103,0.965282117728087,0.102,"xTC23093_248"
"xTC16048_531.1",0.290324542748093,41.4490258407987,18.8593499704401,0.000292329931394386,40.2352007320736,0.219749487318602,42.6628509495239,0.924555926652153,0.107,"xTC16048_531"
"x1179_176.1",-0.0876103233414776,38.1709659909665,12.3776224376814,0.00619543368168696,35.1063845826091,0.937828604270775,41.2355473993238,0.400850668085843,0.104,"x1179_176"
"xTC17491_59.1",0.161411352319499,36.0645457834481,6.15221477061227,0.104434974049119,34.4308852759938,0.212089649565857,37.6982062909025,0.739472353044175,0.009,"xTC17491_59"
"x1225_87.1",0.083585249835892,40.0767309960206,18.7233741544783,0.000311870308749906,37.555221797545,0.0842067802887908,42.5982401944962,0.505728732924953,0.116,"x1225_87"
"xTC18652_242.1",-3.46730727351598,41.6896070051922,32.7784451638596,3.58653908238971e-07,41.5646363415761,0.967841417817447,41.8145776688083,0.101218035952977,0.117,"xTC18652_242"
"x1464_124.1",0.0637537749496909,38.6840307714756,9.13316063371748,0.0275718452038827,37.6881717933935,0.857737611515766,39.6798897495576,0.984717149856315,0.098,"x1464_124"
"xTC16730_342.1",-0.0796130612111238,40.743276547196,8.98315595211744,0.0295156776405429,39.3400695666622,0.976501105625367,42.1464835277298,0.753073899159144,0.104,"xTC16730_342"
"xTC15506_363.1",1.27243625947275,36.7118317398972,12.6253524611448,0.00552100278287537,36.5806771038029,0.423179611903894,36.8429863759915,0.756951441032517,0.131,"xTC15506_363"
"xTC16623_751.1",0.0474115428672056,37.2307620432936,5.83579893556349,0.119878055252775,33.5645142017688,0.63807443606365,40.8970098848185,0.98571936946416,0.019,"xTC16623_751"
"x1175_50.1",0.0695523390297956,35.584280763549,6.69766977085653,0.0821845242344219,33.1924545932623,0.491091943379698,37.9761069338358,0.823806152771945,0.058,"x1175_50"
"x1333_118.1",0.0131837670579028,37.5497009634948,5.87495164326056,0.117855152475169,35.2773679881502,0.923474811206183,39.8220339388394,0.98339062845605,0.024,"x1333_118"
"xTC16765_535.1",-0.088872669843614,39.7159328295717,7.70906977217524,0.0524230295640493,37.1696788835688,0.911414396473773,42.2621867755746,0.45882962391154,0.092,"xTC16765_535"
"xTC17350_917.1",0.116711412885157,40.2091166292482,10.3876525897067,0.0155427058959505,39.5942581539361,0.85562518798883,40.8239751045603,0.99914719074501,0.129,"xTC17350_917"
"x1347_166.1",0.158357825718071,37.627163910227,9.33634793325467,0.0251376130165356,37.2468220564401,0.87207538102886,38.0075057640139,0.992535599019407,0.12,"x1347_166"
"xTC23079_118.1",0.0496804646207104,36.5433564541743,6.09858811597447,0.106910984318765,35.5318463307908,0.892356853022439,37.5548665775577,0.99286143881892,0.039,"xTC23079_118"
"x1114_160.1",0.100414206979589,39.5474439368832,11.6693493203159,0.00860608062795387,37.4163971305908,0.298514059143455,41.6784907431755,0.726488809323912,0.138,"x1114_160"
"xTC21819_362.1",-0.0375210346735349,38.4025398089496,6.0785093672383,0.107852425559997,33.2217643441675,0.603572131851694,43.5833152737318,0.214796020151913,0.039,"xTC21819_362"
"x1395_165.1",-0.338017374489643,41.8398564720117,18.8892773583358,0.000288195527161972,41.49355336455,0.997083798991167,42.1861595794734,0.762970864667555,0.148,"x1395_165"
"xTC18605_106.1",-0.241995391030693,37.5102980236206,7.75009073100914,0.051469042867337,36.861050048824,0.975908688040637,38.1595459984173,0.661678652967028,0.104,"xTC18605_106"
"x510_115.1",-0.048513324327827,39.8571802321758,7.40017567665499,0.0601796104760487,35.9023828020623,0.730549926624117,43.8119776622894,0.346829185868208,0.1,"x510_115"
"xTC17279_481.1",1.83317796295705,41.1338127330471,10.4450437761304,0.0151383687452744,41.0650304590186,0.729312461796051,41.2025950070756,0.98149275977833,0.148,"xTC17279_481"
"xTC17025_152.1",-0.0592417657902699,39.1416969706458,7.24207742180935,0.0645694004141837,34.6527446989773,0.958792449526856,43.6306492423143,0.426925531283084,0.103,"xTC17025_152"
"xTC15620_842.1",-0.134833843153267,42.2435470658481,17.0315456400025,0.000696262638423595,41.3670006638545,0.98250437001663,43.1200934678417,0.746128129850698,0.169,"xTC15620_842"
"xTC17836_640.1",0.0140301545689286,36.5016636432487,5.61551711332255,0.131890370182226,31.425161489943,0.732461757781375,41.5781657965544,0.87490997754213,0.04,"xTC17836_640"
"xCONTIG1450_3_VIT1_FUNHE_1.1",-0.115440399257721,41.0862261020937,8.61919792351525,0.0348066522326435,38.7194096538816,0.89560549981371,43.4530425503059,0.349153028310999,0.146,"xCONTIG1450_3_VIT1_FUNHE_1"
"xTC19105_479.1",0.32367053681195,40.0495850012425,16.6119693357908,0.000849215336510833,39.4295743349213,0.506118009125912,40.6695956675637,0.907476379520565,0.188,"xTC19105_479"
"x259_62.1",0.891408072067697,40.9652911618181,9.14631401498891,0.027407504103327,40.7324392945442,0.58150468381487,41.1981430290919,0.996636751982745,0.17,"x259_62"
"xTC15866_633.1",0.21724786611848,40.5332980782468,9.14597083848766,0.0274117796041579,39.057580932432,0.33450105405472,42.0090152240616,0.97569385590016,0.171,"xTC15866_633"
"xTC22279_411.1",-0.0503453472185043,39.0216148638962,6.43237191925459,0.092368085226058,34.739595332564,0.950308738714206,43.3036343952285,0.519149218511528,0.108,"xTC22279_411"
"x72_199.1",0.0412088078750187,40.9580088386117,7.26574131365889,0.0638931342145672,38.0558620002413,0.384036828319271,43.860155676982,0.623224851294265,0.137,"x72_199"
"xCONTIG_614_ZPB_RABIT.1",0.0734921858217449,34.2117240819662,5.42669503384655,0.143089402556446,31.5529854290648,0.482584824117227,36.8704627348676,0.873377854378201,0.058,"xCONTIG_614_ZPB_RABIT"
"xTC15639_574.1",-0.342368095939536,41.4785871757496,6.82414590525391,0.0777191480994653,40.5838997405452,0.873402631818585,42.3732746109539,0.260777764514715,0.128,"xTC15639_574"
"x1363_196.1",-0.436218591066906,40.2292797300619,10.9957179408269,0.0117490528408827,39.6155540236976,0.973103230918967,40.8430054364262,0.43766610505542,0.195,"x1363_196"
"x127_192.1",1.45518137662128,37.8546050776209,9.20693184953202,0.0266624524565369,37.7602594763955,0.724064265045683,37.9489506788463,0.998644188784452,0.183,"x127_192"
"xTC15227_467.1",1.59281409659548,40.2384167056868,13.4850690936296,0.0036968462454221,40.016893052497,0.251600184040145,40.4599403588767,0.957292179100325,0.21,"xTC15227_467"
"xTC15477_258.1",2.38292979090947,40.1306651061833,13.5491402029202,0.00358774545712448,39.9700522269278,0.226060846607263,40.2912779854388,0.991519276170612,0.219,"xTC15477_258"
"x1172_59.1",0.2714179438409,41.0267895597101,6.32970710512401,0.0966258714139584,40.6586898330599,0.73441205140808,41.3948892863603,0.93422979327965,0.14,"x1172_59"
"pgdh.1",-0.113272775103628,38.1181375538265,4.91785733098936,0.177911801297171,37.6500531092877,0.96531475980536,38.5862219983654,0.85927231177385,0.062,"pgdh"
"xTC15412_571.1",0.872150553730679,39.8089231630931,9.70530953112626,0.0212445944853178,39.3995864021871,0.227230546406781,40.2182599239991,0.941237111779807,0.227,"xTC15412_571"
"xTC15869_343.1",-0.21813583469372,41.7768532201923,8.3145237874923,0.0399395925200327,40.5518419100696,0.996366924996053,43.0018645303151,0.461929195710302,0.21,"xTC15869_343"
"aatb.1",-0.0177987791911154,34.6180552670007,4.93953368992307,0.176278708219436,34.0664744354458,0.0267728983975245,35.1696360985556,0.00713796754373083,0.074,"aatb"
"xTC17645_349.1",-0.10297756618337,37.3401381197525,5.52541694728815,0.137126281355157,35.5230247945037,0.797198820794584,39.1572514450013,0.422955005367597,0.123,"xTC17645_349"
"xTC16385_262.1",0.0166819670548164,37.7762111784587,3.8719459910634,0.275627784287057,36.9257202631213,0.966879897121048,38.6267020937961,0.995255619981206,0.006,"xTC16385_262"
"xTC19104_160.1",-0.0698331277876174,40.3640742181408,5.26329846099306,0.153501705323988,36.8850370947318,0.989801808706042,43.8431113415498,0.50389772067227,0.129,"xTC19104_160"
"xTC16919_163.1",0.728665483710996,41.5514560450474,4.83492313330281,0.184291722281682,41.3883386836877,0.7032998683672,41.7145734064071,0.941015850400874,0.111,"xTC16919_163"
"xTC16601_618.1",-0.110846011731619,41.4921962642097,10.2956807928317,0.0162129393858951,39.3954124611134,0.714122526395596,43.588980067306,0.249282282322239,0.282,"xTC16601_618"
"xTC22654_346.1",-0.319148504920318,42.7066938268462,8.2126231908296,0.0418158544780518,41.9319904406083,0.884385722251924,43.4813972130841,0.389894867302857,0.258,"xTC22654_346"
"xTC19046_126.1",-0.0497235800281262,36.7990037767669,3.96546530974936,0.265217480661842,31.8161067399615,0.852516137168705,41.7819008135723,0.356981178005694,0.038,"xTC19046_126"
"xTC15770_318_2.1",1.47029666637778,41.7224939872094,10.2515486994355,0.0165445635343732,41.6035593640044,0.419856942566205,41.8414286104145,0.769595302596788,0.288,"xTC15770_318_2"
"xTC15361_229.1",-0.463380428276812,36.9364296423573,3.88969665122495,0.273623878254123,36.2867583195211,0.789577486894554,37.5861009651934,0.187487535264605,0.031,"xTC15361_229"
"x1270_147.1",-0.0917039570687394,39.8584861603461,6.57608340878492,0.0867097741165155,37.6619696180569,0.88028313375759,42.0550027026352,0.477424616367874,0.226,"x1270_147"
"xTC15647_234.1",0.166155956005999,41.2071169800595,6.4383056031272,0.0921275912366318,39.1498440572657,0.182732329242401,43.2643899028532,0.866388627746506,0.286,"xTC15647_234"
"xTC20956_341.1",-0.0813656013330115,41.1839084589946,4.96570259735594,0.17432586474771,38.62104418839,0.80393886025438,43.7467727295992,0.38688087522911,0.206,"xTC20956_341"
"x122_129.1",0.0353313437479996,35.8309343007384,3.48015937124504,0.323344515423505,31.9526410434664,0.517247872710054,39.7092275580104,0.791298497166506,0.064,"x122_129"
"x1081_108.1",0.0741460175748869,37.5752501767377,3.68357711055312,0.297721576666503,35.0894965199725,0.0163956128153307,40.0610038335028,0.385013081458025,0.103,"x1081_108"
"xCONTIG_1344_HXK4_RAT.1",-0.034992367978287,38.5859697827219,4.31525485142076,0.229373037667686,35.316043540674,0.972641041899287,41.8558960247699,0.743796117252088,0.174,"xCONTIG_1344_HXK4_RAT"
"xTC15760_73.1",0.0045075217823255,39.885895240648,8.40909766918342,0.0382718940767839,39.0085287723486,0.990309021850867,40.7632617089474,0.99821851878475,0.367,"xTC15760_73"
"xTC15539_236.1",-0.247771313025803,40.0056464607596,6.36930836582394,0.094961632380792,39.5264454197769,0.958401280977208,40.4848475017422,0.720936738722026,0.32,"xTC15539_236"
"x1197_172.1",0.0540787492297672,38.7381725066163,4.36085207896573,0.225042875300167,35.6774391340064,0.540085220004161,41.7989058792262,0.871126485037263,0.204,"x1197_172"
"xTC15307_291.1",0.00166532362353996,37.4784124085192,2.52751779959171,0.470338521260422,34.1633171630484,0.983796047978369,40.79350765399,0.994837460831504,0,"xTC15307_291"
"xTC20553_244.1",-0.050015398584744,36.1184700876832,3.1526332842284,0.368685521043672,33.0283111328539,0.731873945401438,39.2086290425125,0.422762881769429,0.103,"xTC20553_244"
"xTC17896_356.1",0.0497999437277765,37.8893398161384,5.64038384408848,0.130479095053144,35.3913584779608,0.46722617404855,40.387321154316,0.716024834197112,0.358,"xTC17896_356"
"xTC17304_561.1",0.00686354988081956,38.4225738710949,5.78988768041648,0.122292329633986,37.4873709486667,0.9821812941222,39.3577767935232,0.99501891793575,0.376,"xTC17304_561"
"x1223_147.1",0.0440135708162347,40.0240735300495,3.44598905366727,0.327835016045243,36.60399892046,0.478731657434651,43.4441481396389,0.779791049486594,0.171,"x1223_147"
"x56_82.1",-0.0354290349483103,37.4970466648589,2.99973888034716,0.391665437537399,34.4195840015491,0.92177980530732,40.5745093281688,0.703716740806271,0.147,"x56_82"
"xTC19233_230.1",-0.0288760742206779,39.2553862656087,4.14681993864424,0.246040443658346,36.8792892913144,0.982000761412238,41.631483239903,0.844776056241737,0.297,"xTC19233_230"
"fuma.3",0.0231607824774204,41.2276523064028,2.44281647722797,0.485714116907745,38.6645471644291,0.811595967287394,43.7907574483765,0.930323008607416,0.073,"fuma"
"xTC21224_94.1",0.0402106604876148,40.861154993587,7.5959050146764,0.0551447771907251,39.5347284617147,0.80491256816566,42.1875815254592,0.911585542035417,0.514,"xTC21224_94"
"xTC19103_248.1",0.0059193491120537,37.4049099060478,2.8829868747189,0.410020357239041,36.4259368396264,0.975772923274894,38.3838829724692,0.987362689977786,0.175,"xTC19103_248"
"xTC16705_408.1",-0.0237722109100926,36.9805801599179,2.59476902951024,0.458407341668884,33.474208658137,0.976015940574138,40.4869516616988,0.80930753483519,0.135,"xTC16705_408"
"x1421_62.1",-0.0989649961550583,39.4586768236767,3.33093583690892,0.343360109316022,38.2268924038214,0.842458260261548,40.690461243532,0.598651179511867,0.27,"x1421_62"
"xTC19459_726.1",-0.0640253097084141,39.976010968431,3.8603492231516,0.276944109542755,38.754266700636,0.756442129575124,41.197755236226,0.599997019315013,0.346,"xTC19459_726"
"xTC17323_367.1",0.00529726840188028,33.3128594784786,2.07946352224133,0.556078592498227,32.1226829427594,0.9830735606083,34.5030360141977,0.995682929718948,0.085,"xTC17323_367"
"xTC15615_350.1",0.0610914715189132,36.9613693821173,1.63003214181853,0.65259956641439,36.7387281740307,0.970403589062498,37.1840105902038,0.997606547108007,0.008,"xTC15615_350"
"xTC21903_411.1",0.0833967972770703,37.818832083344,1.98105815883126,0.576347448304978,37.0789607018298,0.749209139374962,38.5587034648583,0.872614946605462,0.09,"xTC21903_411"
"xTC16569_559.1",-0.131964648858555,35.8630471235694,2.61548273953861,0.454781685788408,34.6444431291481,0.73501835326194,37.0816511179908,0.413393056819056,0.215,"xTC16569_559"
"x66_63.1",0.0600004429719908,34.5806586224707,2.69790450915351,0.440583518545365,32.069399735119,0.553527414620893,37.0919175098223,0.854880705937783,0.249,"x66_63"
"x101_125.1",0.0346216725889808,38.2542677346844,3.30866011168249,0.346439136079603,35.1870375522401,0.555102402630186,41.3214979171288,0.76748768089344,0.345,"x101_125"
"x525_183.1",0.0368423377407687,37.8439815291321,2.0762429679224,0.556733904348258,32.1021220136519,0.206826261572968,43.5858410446123,0.629913316631707,0.145,"x525_183"
"xTC17674_216.1",0.300324232894881,36.5725548934327,3.49975635737513,0.320793721811718,36.3349694208621,0.719897351709908,36.8101403660033,0.862602701303355,0.383,"xTC17674_216"
"xTC18760_95.1",-0.099598113074269,40.5618700583032,3.95586390859809,0.266269639971974,38.611578216701,0.588758821044383,42.5121618999053,0.200268046308953,0.461,"xTC18760_95"
"xTC15341_98.1",-0.0181951841594798,34.8714552927107,3.22193782341786,0.358656052425947,34.5682813036939,0.999053807426808,35.1746292817274,0.98802119430176,0.378,"xTC15341_98"
"xCONTIG_934.1",0.0257881471363383,38.7960492581634,3.08955714971074,0.37802227786396,33.5978268436695,0.621695514259126,43.9942716726573,0.889800563203886,0.38,"xCONTIG_934"
"xTC16542_498.1",0.0286901415187526,39.1725966741873,2.1986608394719,0.532212192241259,37.3213774034819,0.718130802404927,41.0238159448927,0.824354288122487,0.251,"xTC16542_498"
"xTC18400_387.1",0.0287180689944389,36.4123763903755,1.78550503429431,0.618094271373915,31.7885541008466,0.306200075074813,41.0361986799044,0.571774570132244,0.199,"xTC18400_387"
"xTC18432_97.1",-0.0807952693583381,37.7201725189206,2.38901616630223,0.49568253494065,36.9063072565979,0.99090515374894,38.5340377812432,0.859392227567431,0.324,"xTC18432_97"
"xTC15835_441.1",-0.00872853466280898,39.0511042560074,1.32663882934147,0.722817352075226,34.1842195347753,0.990740858829368,43.9179889772394,0.90577931485103,0.098,"xTC15835_441"
"x124_59.1",-0.0316231479396266,40.3531008166129,2.22480039581745,0.527080000709747,39.0665700232248,0.953762357683786,41.6396316100011,0.87239405046739,0.305,"x124_59"
"xTC17067_301.1",0.0187282749584148,37.1736970180653,1.47732602028776,0.687513272952478,32.1843345920361,0.410260455460959,42.1630594440944,0.597144758224674,0.155,"xTC17067_301"
"xTC17354_118.1",-0.0087162094714384,35.5079007728655,1.45827550193695,0.691933251629143,33.803028726324,0.978998440689393,37.212772819407,0.949278396930082,0.164,"xTC17354_118"
"xTC15871_290.1",-0.0460915876325492,36.7477603146736,1.64769193624588,0.64862498221955,32.7254206177142,0.633571352321574,40.7701000116329,0.262779307061009,0.223,"xTC15871_290"
"xTC20997_423.1",0.338486099822782,38.0289326039516,1.49712513670034,0.68293400608501,37.8361588054573,0.64673228329872,38.221706402446,0.777234785699471,0.212,"xTC20997_423"
"xTC21226_186.1",-0.0127605849739912,39.3984184109259,2.32509711450317,0.507730023571547,37.0421856309458,0.986795156906,41.7546511909059,0.926661339691122,0.398,"xTC21226_186"
"aata.1",-0.351820801703632,38.4269112277756,1.24992014142747,0.741057954584264,38.3202840252041,0.999196751372808,38.5335384303471,0.924169415588572,0.188,"aata"
"xTC20491_128.1",-0.0294890570865705,38.1577139703519,1.24801758391297,0.74151222400484,34.312718524351,0.989939561158396,42.0027094163527,0.763168980748949,0.197,"xTC20491_128"
"xTC18363_287.1",0.0242636665395557,36.9972446092233,2.61896715202058,0.454174058903669,35.0305343915652,0.894072441081628,38.9639548268815,0.989511642884016,0.518,"xTC18363_287"
"xTC16195_289.1",0.0232797839847996,35.3004928728172,0.93734547566168,0.816407398142044,34.6694739813597,0.962741176256258,35.9315117642747,0.992121143223173,0.16,"xTC16195_289"
"xTC22179_366.1",-0.0722533554224902,34.0703310761735,1.04593811628799,0.790138188421401,31.9055383375079,0.97988911822723,36.2351238148392,0.66706203990156,0.193,"xTC22179_366"
"x253_104.1",0.0509017109351305,38.1286933605791,2.0745929719434,0.557069854196804,36.6416563331539,0.693044719671313,39.6157303880042,0.844430177510978,0.43,"x253_104"
"x1213_129.1",0.0166898076141251,38.90461527887,0.866584423530245,0.833483334891212,34.1115451161207,0.713848562917443,43.6976854416192,0.87383940071202,0.173,"x1213_129"
"x1076_140.1",0.00797925862272172,35.2815306397239,0.183323814674701,0.980235418719757,32.946696494528,0.867790785593105,37.6163647849197,0.905051276564463,0.033,"x1076_140"
"xTC15445_406.1",-0.0059798492176917,37.6000852953279,0.401866203151037,0.939856711681808,34.3134078448486,0.985378360569857,40.8867627458072,0.94607068940775,0.081,"xTC15445_406"
"xTC19774_381.1",-0.00595336338921989,40.0402707195984,0.905932293325279,0.823995979163328,39.7509919854249,0.989509868573862,40.3295494537719,0.986065505723245,0.204,"xTC19774_381"
"x1428_96.1",-0.090855421925638,40.7526512397684,1.35065503381172,0.717141105817367,39.700411113715,0.98632721194318,41.8048913658219,0.795123770703838,0.317,"x1428_96"
"xTC22907_366.1",-0.0627491278614824,33.9961089332046,1.2414056702244,0.743091600503792,32.6401092468618,0.965506421345577,35.3521086195474,0.795330825948669,0.31,"xTC22907_366"
"xTC15801_446.1",-0.0170806580239364,36.4626442467572,0.306034851880053,0.958889520579085,35.5388886024216,0.996469205799968,37.3863998910928,0.964912497282812,0.103,"xTC15801_446"
"x1398_227.1",-0.274016227001342,42.6096991039904,2.2488909242217,0.522382689966969,41.775230881455,0.561273464386843,43.4441673265258,0.103957796603525,0.544,"x1398_227"
"xTC15723_724.1",-0.00463891754743197,36.3013311386802,0.22421683223763,0.9735883193462,34.2215694664336,0.98878210770794,38.3810928109268,0.969486421876218,0.093,"xTC15723_724"
"x1338_52.1",0.179763497978982,41.4207360442225,3.16162260150782,0.367371139835779,40.6324238091409,0.447885800390537,42.2090482793042,0.731305330146345,0.7,"x1338_52"
"xTC16238_460.1",0.00542470213505566,38.2537897929836,0.970426896466378,0.808407252852192,36.2147920113624,0.975615513155214,40.2927875746049,0.997737424393883,0.259,"xTC16238_460"
"xTC22053_168.1",0.00405622123267547,38.3372106917168,0.62417942198983,0.89087541846248,37.5760192995045,0.99360875129504,39.0984020839292,0.999783872669482,0.187,"xTC22053_168"
"x25_90.1",0.00271292243079663,36.3495265003273,0.254759794878069,0.968299551820966,32.3749420030436,0.948986232365481,40.3241109976109,0.970551711237036,0.111,"x25_90"
"xANGIOTENSIN.1",0.0138104035242713,37.7171239783127,0.314019313570988,0.957370619727085,36.2183012599632,0.910832360265173,39.2159466966622,0.952231053368677,0.125,"xANGIOTENSIN"
"xTC17794_461.1",0.00890204107202734,34.6989401687756,0.535298227660896,0.911070859059604,33.5048758900398,0.957048593206587,35.8930044475113,0.97830781171048,0.176,"xTC17794_461"
"xTC15624_525_1.1",0.00898415427844074,38.4536196983696,1.05598244979358,0.78770928419326,35.9492678798898,0.946742276655712,40.9579715168495,0.991741242865145,0.311,"xTC15624_525_1"
"xCYP1A_PP_3.1",0.159738373192249,40.8537301697896,1.69293726526165,0.638505143288628,40.0450680784569,0.428540781223654,41.6623922611223,0.686889515087104,0.474,"xCYP1A_PP_3"
"x1361_90.1",-0.0368165189475681,34.1034071957971,0.121556096917736,0.98913069724646,33.558271094812,0.97344701405908,34.6485432967823,0.933306986877236,0.134,"x1361_90"
"xTC16491_605.1",0.0171716319199935,34.8117796675371,1.31248641306532,0.726170211093859,31.7949857294837,0.662054656362865,37.8285736055906,0.765661206528307,0.399,"xTC16491_605"
"xTC15772_561.1",0.00730703735022388,37.8337164684951,0.499277339082697,0.919050148403233,32.0177790878213,0.76188414507681,43.6496538491689,0.846878688411104,0.208,"xTC15772_561"
"xTC23081_664.1",-0.00612769753324329,36.2802838154632,0.302234702489532,0.959607646625986,32.7780532876975,0.995937606925412,39.7825143432289,0.953016388193733,0.176,"xTC23081_664"
"xTC17164_498.1",-0.0190735308418207,35.7791007098,1.06487374792169,0.7855597409767,33.7962457793274,0.992668937368348,37.7619556402725,0.917028848025899,0.364,"xTC17164_498"
"xTC16068_737.1",0.0340131288024376,39.4236798882837,1.6694519973668,0.64374653297592,37.3057054136783,0.732134631744724,41.5416543628891,0.87621250895478,0.509,"xTC16068_737"
"x67_158.1",-0.00193614380707219,36.1671206873245,0.0586575024438716,0.996287430537366,34.4100585835368,0.979050607942055,37.9241827911122,0.972246758120275,0.163,"x67_158"
"xTC16518_379.1",0.0048999122079387,37.5381046540697,0.601018150534571,0.896199251516975,36.5316824892137,0.982306161328903,38.5445268189258,0.99216892183274,0.284,"xTC16518_379"
"xTC19690_483.1",-0.00836591777101526,35.0321828273659,0.247129882936658,0.969644547001661,33.1940948235778,0.97182244984236,36.870270831154,0.941067863651198,0.216,"xTC19690_483"
"x1303_220.1",0.0267248462572316,32.8368621783905,0.269113542958234,0.96572871247202,31.5687454813058,0.842976789936174,34.1049788754752,0.910757237467808,0.239,"x1303_220"
"xCYP1A_PP_1.1",-0.0257038081781886,37.8420092017296,1.23812782254049,0.74387495228706,32.3415184291227,0.96986789212785,43.3424999743365,0.687100772717882,0.471,"xCYP1A_PP_1"
"x1388_69.1",0.203763114640934,41.8352254479683,0.675028238356756,0.879061241517766,41.5465878347199,0.87464495055314,42.1238630612168,0.992272348709202,0.358,"x1388_69"
"xCONTIG_490_1.1",0.0204967437228511,40.0604879188517,1.64071669014042,0.650193223687646,39.8566511813143,0.982610796975132,40.264324656389,0.990966775716342,0.592,"xCONTIG_490_1"
"xTC16151_507.1",-0.00195257627526371,35.1683556114855,0.846048930149081,0.838423943545978,33.9983103719667,0.984815768496716,36.3384008510044,0.980246563345377,0.404,"xTC16151_507"
"xTC18657_107.1",-0.0100317073249974,38.032093112536,0.680752498553517,0.877721544689712,35.9316868632377,0.988004396575517,40.1324993618344,0.945863075062403,0.373,"xTC18657_107"
"xTC16902_269.1",0.00812253034098123,40.9520586491679,2.25600916730185,0.521000724686841,39.3003219500771,0.960274614137554,42.6037953482586,0.987107177044907,0.773,"xTC16902_269"
"xTC15280_149.1",-0.0266180342395102,34.2716981988853,0.543759314768403,0.909177711948215,31.4254047417664,0.689995327279206,37.1179916560041,0.538469853884641,0.387,"xTC15280_149"
"x1463_52.1",-2.4538720040687,41.7050224288383,2.53664779761197,0.46870439756494,41.6484479442415,0.729912730893405,41.7615969134351,0.452259643100062,0.83,"x1463_52"
"xTC23409.1",-0.00851991870108527,36.982633212848,0.0582080340062845,0.996329527298615,35.1383355702813,0.987606814745852,38.8269308554147,0.95618028279531,0.315,"xTC23409"
"xTC20611_427.1",-0.0531724172785815,34.2605997700397,0.738603892642528,0.86408851588442,31.4937786449791,0.97484570748843,37.0274208951004,0.680608572694591,0.457,"xTC20611_427"
"xCONTIG1778.1",0.00972408213274087,36.5729232848958,0.356494207130631,0.949075592272488,35.8062281064843,0.97977903649678,37.3396184633074,0.99468985026808,0.384,"xCONTIG1778"
"xTC16319_186.1",0.0150413158197919,35.4851713325745,0.416008268644691,0.936916065895359,33.2247459498484,0.723714782322336,37.7455967153006,0.791714326459652,0.412,"xTC16319_186"
"xTC18366_503.1",0.0187955006352022,39.6525115816083,0.26055372088791,0.967268095098222,35.3894608486702,0.748260699316094,43.9155623145465,0.908513044833769,0.382,"xTC18366_503"
"xAHR1allele1position765.1",0.00189007596794818,37.2733115742723,0.357943466012571,0.948786554894143,36.2262024912834,0.987896693072617,38.3204206572611,0.991854924499772,0.41,"xAHR1allele1position765"
"xTC22933_625.1",-0.00336733048786872,37.8586475266063,0.0174515143601841,0.9993900476761,32.2946874187197,0.523437853720658,43.4226076344928,0.485966468711514,0.364,"xTC22933_625"
"x141_135.1",-0.00115271247090972,35.5283721652926,0.0323847536373796,0.99846497924084,32.7017039135816,0.538748294444061,38.3550404170035,0.532231622954318,0.387,"x141_135"
"xTC18940_394.1",-0.184584371675763,39.9939353145321,1.30877324876189,0.727050843242714,39.3629046123484,0.489113345577047,40.6249660167158,0.25615653423566,0.662,"xTC18940_394"
"xTC21845_138.1",0.00121865313553185,35.7698293659625,0.0854965881979304,0.993519179113864,34.5420110287582,0.951495233617333,36.9976477031668,0.954487802950328,0.396,"xTC21845_138"
"x97_157.1",-0.00442592193936418,38.5190180842024,0.0483053846438679,0.997216910405997,36.8517739309329,0.979137990242966,40.1862622374718,0.964379805290502,0.393,"x97_157"
"xTC16942_405.1",-0.00581822892642057,34.6049275217436,0.399806131178011,0.940282540692914,31.6018541262551,0.982081940395222,37.608000917232,0.947136803399632,0.456,"xTC16942_405"
"xTC19113_397.1",-0.0132454554207605,37.3658340679058,0.478911358678655,0.923499457521754,34.5629281329448,0.76834055762651,40.1687400028668,0.694089026406288,0.482,"xTC19113_397"
"xTC17313_114.1",-0.0101541781500087,35.0938346476348,0.0311420096766604,0.9985519454229,32.4464028750942,0.950968896676428,37.7412664201755,0.897203908959686,0.442,"xTC17313_114"
"xTC23138.1",0.0118354630388189,39.375331598734,0.850427526558953,0.837371227909286,36.8993041205592,0.726449265384047,41.8513590769088,0.785059128786122,0.611,"xTC23138"
"xTC15808_487.1",-0.174811721412273,36.199714471308,1.02508978293453,0.795181278468587,36.087218663089,0.982108605984127,36.312210279527,0.94277743421127,0.674,"xTC15808_487"
"xTC20964_350.1",-0.00843757854549855,38.8402448148409,0.145809983051368,0.985823087260069,36.9951246720278,0.70268141474846,40.685364957654,0.671544722486727,0.51,"xTC20964_350"
"xTC21216_120.1",-0.0697192873026561,41.1720091085378,0.307859073925204,0.958543687519483,40.9933005941549,0.972976314758637,41.3507176229208,0.948057454243248,0.543,"xTC21216_120"
"xTC15887_498.1",-0.0235787858870587,36.4631509709055,0.833790850823682,0.841368793944173,35.5770672497377,0.981595925867355,37.3492346920732,0.93981036918851,0.673,"xTC15887_498"
"xTC19981_424.1",0.0206874206107969,35.4188757193871,0.986573912686524,0.804500627845161,34.8184589244818,0.940006934297862,36.0192925142923,0.964849083853844,0.71,"xTC19981_424"
"x1274_152.1",0.000171335687823507,40.547978074968,1.08744717610058,0.780105216980622,38.7297696438088,0.984365877607395,42.3661865061273,0.984988925591713,0.762,"x1274_152"
"xTC15602_539.1",-0.034561911740019,40.636819494422,0.707509559900959,0.871436219453358,39.9638684348839,0.961972803472907,41.3097705539601,0.91545585322269,0.7,"xTC15602_539"
"xTC20991_213.1",3.60863746615966,36.8559419371309,1.9335676227011,0.586308823231961,36.838413476648,0.703013226051683,36.8734703976138,0.829520944497325,0.995,"xTC20991_213"
"xTC15791_490.1",-0.0110961559912784,36.6209315534982,0.495361015531948,0.919909387947183,35.5703453960107,0.95791257457444,37.6715177109856,0.934597638802923,0.672,"xTC15791_490"
"xTC15278_141.1",-0.0328583789179501,36.5784633876229,0.689559456549706,0.875656879833964,35.851962866314,0.98670296320754,37.3049639089318,0.938959704381024,0.723,"xTC15278_141"
"x136_94.1",-0.0199965001678899,34.8747773086864,0.214850674334367,0.97515701823685,32.5211900351835,0.916473926711638,37.2283645821893,0.82234691009215,0.653,"x136_94"
"xTC16038_243.1",0.00656144435085442,37.4777914861361,0.443146082183802,0.93119214292447,35.5811431581755,0.95500937861703,39.3744398140966,0.979898883531139,0.777,"xTC16038_243"
"x1230_196.1",0.0393849973826878,43.1378766278033,0.00200387271392088,0.999976156888048,42.5389208656787,0.951158660533872,43.7368323899278,0.998338402781114,0.71,"x1230_196"
"xTC15559_747.1",-0.0184626308327769,36.9125989330821,0.119635894892888,0.989381155263976,36.0604514510006,0.98391939768428,37.7647464151636,0.952453628930778,0.727,"xTC15559_747"
"xTC20024_839.1",0.075404223627773,36.9449901345754,0.867797777244753,0.83319115742161,35.7943422804241,0.480686542802971,38.0956379887266,0.654213959025443,0.886,"xTC20024_839"
"xCYP1A_PP_2.1",-0.00623119124800553,35.6038003894225,0.019636444988,0.999272461231707,32.2888962506654,0.640110189402259,38.9187045281796,0.598798586087458,0.975,"xCYP1A_PP_2"
"xTC20430_111.1",-0.0224582136052629,42.2012929572709,0.0712751524205757,0.995045969819522,41.1782562604444,0.805826962099188,43.2243296540974,0.759875808772485,0.991,"xTC20430_111"
